name,address,격오지,채용난해,중점관리,TO미충원,기타
수원인계DT,경기도 수원시 팔달구 인계로94번길 3 (인계동),N,N,N,N,N
해운대달맞이DT,부산광역시 해운대구 달맞이길 57 (중동) 1~3층,N,N,N,Y,N
수원트레이더스,경기도 수원시 영통구 삼성로 2 트레이더스수원점 (신동),N,N,N,N,N
광주쌍암,광주광역시 광산구 첨단중앙로 158 (쌍암동),N,N,N,Y,N
영남대아트센터,경상북도 경산시 대학로 280 (대동) 영남대학교,N,N,N,N,N
부산중앙역,부산광역시 중구 중앙대로81번길 2 (중앙동4가),N,N,N,N,N
수지성복DT,경기도 용인시 수지구 성복2로 55 (성복동),N,N,N,N,N
도곡역,서울특별시 강남구 남부순환로 2909 (대치동),N,N,N,N,N
대구공평DT,대구광역시 중구 국채보상로 642 (동인동2가),N,N,N,Y,N
대전대덕로,대전광역시 서구 대덕대로234번길 18 (둔산동),N,Y,N,N,N
인천삼산,인천광역시 부평구 길주로 643 (삼산동),N,N,N,N,N
영등포신길,"서울특별시 영등포구 신길로 137 (신길동) 1,2층",N,N,N,Y,N
일산식사,경기도 고양시 일산동구 위시티2로11번길 31 (식사동),N,N,N,N,N
대전목원대,대전광역시 서구 동서대로 682 (도안동),N,N,N,N,N
양재역,서울특별시 서초구 강남대로 202 (양재동) 모산빌딩,N,N,N,N,N
제주용담DT,제주특별자치도 제주시 서해안로 380 (용담삼동) 화이트하우스,N,N,N,N,N
종로수송,서울특별시 종로구 종로5길 30 (청진동) 1~3층,N,N,N,N,N
논현역,서울특별시 서초구 강남대로 557 (잠원동) 1~2층,N,N,N,N,N
수지동천,경기도 용인시 수지구 손곡로,N,N,N,N,N
사가정역,서울특별시 중랑구 면목로 310,N,N,N,N,N
대전관저,대전광역시 서구 관저로 142 (관저동),N,N,N,Y,N
광명하안,경기도 광명시 범안로 1060 (하안동),N,N,N,N,N
김해대로DT,경상남도 김해시 김해대로 2465,N,N,N,N,N
북촌로,서울특별시 종로구 북촌로4길 23 (계동),N,N,N,N,N
서면전포역,부산광역시 부산진구 전포대로199번길 27 (전포동),N,N,N,Y,N
울산대,울산광역시 남구 대학로84번길 5-3 (무거동),N,N,N,N,N
단대오거리역,경기도 성남시 중원구 산성대로 340-1 (중앙동),N,N,N,N,N
대구상인DT,대구광역시 달서구 월곡로 334 (상인동),N,N,N,Y,N
서소문로,서울특별시 중구 서소문로 120 (서소문동) 대한빌딩,N,N,N,N,N
문래역,서울특별시 영등포구 당산로 34 (문래동3가),N,N,N,N,N
여의도ABL타워,서울특별시 영등포구 의사당대로 147 (여의도동) 알리안츠타워,N,N,N,N,N
대전만년,대전광역시 서구 만년로 81 (만년동),N,N,N,Y,N
부민사거리,부산광역시 서구 구덕로 212 (부민동1가),N,N,N,Y,N
고잔이마트,경기도 안산시 단원구 원포공원1로 46 (초지동) 이마트,N,N,N,N,N
세종첫마을,세종특별자치시  한누리대로 169 행복타워 1층,N,N,N,N,N
목포남악,전라남도 무안군 남악3로82번길 11,N,N,N,N,N
목동7단지,서울특별시 양천구 목동서로 213 (목동) 세신비젼프라자,N,N,N,N,N
광주봉선중앙,광주광역시 남구 봉선중앙로 51 (봉선동),N,N,N,N,N
동래미남DT,부산광역시 동래구 충렬대로 101 (온천동),N,N,N,N,N
평택AK플라자,경기도 평택시 평택로 51 (평택동) 평택역,N,N,N,N,N
신사역,서울특별시 강남구 도산대로 108 (논현동) 렉스타워,N,N,N,Y,N
명동길,서울특별시 중구 명동10길 41,N,N,N,N,N
원당DT,경기도 고양시 덕양구 호국로 811 (주교동),N,N,Y,N,N
대구두류DT,대구광역시 달서구 달구벌대로 1798 (두류동),N,N,N,N,N
부산개금역,부산광역시 부산진구 가야대로 462 (개금동),N,N,N,N,N
포항대이,경상북도 포항시 남구 포스코대로 124 (대잠동),N,N,N,N,N
광주황금,광주광역시 동구 중앙로160번길 14 (황금동),N,N,N,N,N
광주신가DT,광주광역시 광산구 목련로 335 (신가동),N,N,N,N,N
중구저동,서울특별시 중구 수표로 34 (저동2가),N,N,N,N,N
천안성정DT,충청남도 천안시 서북구 동서대로 154 (성정동),N,N,N,Y,N
미아사거리역,서울특별시 강북구 도봉로 32 (미아동),N,N,N,Y,N
문정로데오,서울특별시 송파구 동남로 141 (가락동),N,N,N,Y,N
별내,경기도 남양주시 별내중앙로 64 1-2층,N,N,N,N,N
약수역,서울특별시 중구 다산로 129 (신당동),N,N,N,N,N
자양사거리,서울특별시 광진구 아차산로 355,N,N,N,Y,N
대구동천,대구광역시 북구 동천로 123,N,N,N,N,N
동탄센트럴파크,경기도 화성시 동탄지성로 104 센트럴파티오,N,N,N,N,N
인천계양,인천광역시 계양구 장제로 808 (계산동),N,N,N,N,N
대전관평동,대전광역시 유성구 테크노중앙로 68,N,N,N,Y,N
김포이마트,경기도 김포시 김포한강7로 71,Y,N,Y,N,N
오산시청,경기도 오산시 운천로 61,N,N,N,N,N
대전조이마루,대전광역시 유성구 엑스포로 97번길 40,N,N,Y,N,N
석촌서호,서울특별시 송파구 석촌호수로 176 (삼전동),N,N,N,N,N
동여의도,서울특별시 영등포구 국제금융로 86 (여의도동) 롯데캐슬 아이비,N,N,Y,N,N
세종이마트,세종특별자치시 금송로 687(가람동 406) 이마트 세종점,N,N,N,N,N
수원이비스,경기도 수원시 팔달구 권광로 132 (인계동),N,N,N,N,N
울산삼산로,울산광역시 남구 삼산로 278 번길 8 (삼산동),N,Y,N,N,N
대구시지,대구광역시 수성구 달구벌대로 3216 (신매동),N,N,N,Y,N
화곡동,서울특별시 강서구 화곡로 142(화곡동),N,N,N,Y,N
전주한옥마을,전북특별자치도 전주시 완산구 팔달로 123 (전동),N,N,N,N,N
역곡역DT,경기도 부천시 소사구 경인로 485 (괴안동),N,N,N,N,N
천안불당,충청남도 천안시 서북구 불당4로 91 (불당동),N,N,N,N,N
중랑구청,서울특별시 중랑구 신내로 72,N,Y,N,N,N
거제고현,경상남도 거제시 거제중앙로 1936 (고현동),N,Y,N,N,N
상암디지털큐브,서울특별시 마포구 상암산로 34,N,N,N,Y,N
양산터미널,경상남도 양산시 양산역1길 7 (중부동) 양산시외버스터미널,N,N,Y,N,N
제주칠성,제주특별자치도 제주시 관덕로 55 (일도일동),N,N,N,N,N
연희DT,서울특별시 서대문구 연희로 144 (연희동),N,Y,N,N,N
대구팔공산,대구광역시 동구 파계로 650,N,N,N,N,N
을지병원사거리,"서울특별시 강남구 논현로 752 (논현동,구산빌딩)",N,Y,N,N,N
전주홍산로,전북특별자치도 전주시 완산구 홍산로 238 (효자동2가),N,N,N,Y,N
세종종촌,세종특별자치시  도움3로 105-10 (종촌동) 성운프라자,Y,N,N,Y,N
포항양덕,경상북도 포항시 북구 장량로 162 (양덕동),N,N,N,N,N
왕십리역,서울특별시 성동구 왕십리로 326 (도선동),N,N,N,N,N
구의DT,서울특별시 광진구 광나루로 519 (구의동),N,N,N,Y,N
명동중앙로,서울특별시 중구 명동길 60 (명동 2가),N,N,N,N,N
오산IC DT,경기도 오산시 원동로 74 (원동),Y,N,Y,N,N
광주금호DT,광주광역시 서구 운천로109번길 1 (쌍촌동),N,N,N,Y,N
안동시청,경상북도 안동시 서동문로 173 (삼산동),N,N,N,N,N
수원광교,경기도 수원시 영통구 센트럴타운로 85 (이의동) 광교C1호반베르디움,N,N,N,N,N
광주용두DT,광주광역시 북구 임방울대로 1016 (신용동),N,N,N,N,N
판교브릿지타워,경기도 성남시 분당구 판교로 227번길 6 (삼평동),N,N,N,N,N
대전유성,대전광역시 유성구 온천서로 2 (봉명동),N,N,N,N,N
제주노형,제주특별자치도 제주시 도령로 27 (노형동),N,N,N,N,N
제주중문DT,제주특별자치도 서귀포시 천제연로 95(색달동),N,N,N,N,N
BIFC Mall,부산광역시 남구 문현금융로 40 (문현동) 부산국제금융센터,N,N,N,Y,N
인천갈산DT,인천광역시 부평구 장제로 371 (갈산동),N,N,N,N,N
평촌역사거리,경기도 안양시 동안구 시민대로 311 금강스마트 빌딩 1층(관양동1746),N,N,N,N,N
일산후곡,경기도 고양시 일산서구 일산로 541 (일산동),N,N,N,N,N
부천신중동역,경기도 부천시 원미구 길주로 281 (중동),N,N,N,N,N
김포운양,경기도 김포시 김포한강11로 288-32,N,N,Y,Y,N
스타필드마켓일산,경기도 고양시 일산서구 킨텍스로 171,N,N,N,N,N
상수역,서울특별시 마포구 독막로 88 (상수동),N,N,N,Y,N
대전수침교DT,대전광역시 서구 계룡로 692 (용문동),N,N,N,N,N
서판교,경기도 성남시 분당구 운중로 132 (운중동),N,N,N,N,N
안양석수DT,경기도 안양시 만안구 경수대로 1397 (석수동),N,N,N,N,N
부산안락DT,부산광역시 동래구 충렬대로 446 (안락동),N,N,N,N,N
신월IC DT,서울특별시 양천구 남부순환로 430 (신월동),N,N,N,N,N
송파사거리,서울특별시 송파구 송파대로 386 (송파동),N,Y,N,Y,N
대구감삼DT,대구광역시 달서구 와룡로 131,N,N,Y,N,N
공덕오거리,서울특별시 마포구 마포대로 86 (도화동) 창강빌딩,N,N,N,N,N
구파발역,서울특별시 은평구 진관2로 12,N,N,Y,N,N
중랑역,서울특별시 중랑구 망우로30길 3 (상봉동),N,Y,N,Y,N
평내DT,경기도 남양주시 경춘로 1269,N,Y,N,N,N
안양비산DT,경기도 안양시 동안구 경수대로 821 (비산동),N,N,N,Y,N
오목교역,서울특별시 양천구 오목로 354 (목동),N,N,N,N,N
신설동역,서울특별시 동대문구 왕산로 19 (신설동),N,N,N,N,N
서귀포DT,제주특별자치도 서귀포시 일주서로 11 (강정동),N,N,Y,N,N
강북구청사거리,서울특별시 강북구 도봉로 365 (수유동),N,N,N,N,N
대구삼성화재,대구광역시 수성구 동대구로 401 (범어동) 삼성화재사옥,N,N,N,N,N
센텀로,부산광역시 해운대구 센텀2로 10 (우동) 센텀메디컬센타 1층 스타벅스 센텀로점,N,Y,N,N,N
광주첨단신용,광주광역시 북구 첨단연신로 101 (신용동),N,N,N,Y,N
구미시청DT,경상북도 구미시 송정대로 27 (송정동),N,N,N,N,N
사당로데오,서울특별시 서초구 방배천로 5-4(방배동),N,N,N,N,N
광교이마트,경기도 수원시 영통구 광교로 191(이의동),Y,N,N,N,N
용인마북DT,경기도 용인시 기흥구 용구대로 2330,N,N,N,N,N
평택로데오,경기도 평택시 중앙2로 13 (평택동),N,N,N,N,N
안양역,경기도 안양시 만안구 장내로 149번길 (안양동)53,N,N,N,N,N
논산중앙,충청남도 논산시 중앙로398번길 13-10,N,Y,N,N,N
대전전민,대전광역시 유성구 유성대로 1722 (전민동),N,N,N,N,N
청주성화,충청북도 청주시 서원구 복대로 5 (개신동),N,N,N,N,N
청주봉명DT,충청북도 청주시 흥덕구 1순환로 514 (봉명동),N,N,N,N,N
대구죽곡,대구광역시 달성군 달구벌대로 861 (다사읍),N,Y,N,N,N
인천청라타워돔,인천광역시 서구 중봉대로 612번길 10-17,N,N,N,N,N
일산백마,경기도 고양시 일산동구 일산로 237 (마두동),N,N,N,N,N
동수원DT,경기도 수원시 팔달구 중부대로 161 (우만동),N,N,N,Y,N
선정릉역,서울특별시 강남구 봉은사로 407 (삼성동) 에프오빌딩,N,N,N,N,N
학동사거리,서울특별시 강남구 도산대로 328 (논현동),N,N,N,N,N
수원망포DT,경기도 수원시 영통구 덕영대로 1467,N,N,N,N,N
전주효자DT,전북특별자치도 전주시 완산구 용머리로 7 (효자동1가),N,N,N,N,N
포항오천,경상북도 포항시 남구 오천읍 원동로 15,N,N,N,N,N
진주칠암DT,경상남도 진주시 진주대로829번길 2 (주약동),N,N,N,N,N
연세백양로,서울특별시 서대문구 연세로 50 (신촌동) 연세대학교,N,N,N,Y,N
청주율량DT,충청북도 청주시 청원구 충청대로107번길 8 (율량동),N,Y,N,N,N
서울중앙우체국,서울특별시 중구 소공로 70 (충무로 1가) 서울 중앙 우체국,N,N,N,N,N
종암,서울특별시 성북구 종암로 122 (종암동),N,N,N,N,N
을지로경기빌딩,서울특별시 중구 남대문로10길 9 (삼각동) 경기빌딩,N,Y,N,N,N
올림픽평화의문,서울특별시 송파구 위례성대로 38 (방이동) 해태그린피아빌라트,N,N,N,N,N
인천당하DT,인천광역시 서구 원당대로 668 (당하동),N,Y,N,N,N
대전IC DT,대전광역시 대덕구 동서대로 1776 (비래동),N,N,N,Y,N
회현역,서울특별시 중구 퇴계로 72 (회현동) 리더스뷰남산,N,N,N,N,N
대전지족,대전광역시 유성구 지족로 373 (지족동),N,N,N,N,N
속초DT,강원특별자치도 속초시 동해대로 4114 (조양동),N,N,N,Y,N
대구성서IC DT,대구광역시 달서구 달구벌대로 1393,N,N,N,N,N
인천공항T1에어3F,인천광역시 중구 공항로 272 (운서동) 인천국제공항여객터미널 FB-P5-73,N,N,N,N,N
철산로데오,경기도 광명시 디지털로 17 (철산1동) 가림빌딩,Y,N,N,N,N
경기광주,경기도 광주시 광주대로 35 (경안동),N,N,N,Y,N
신영통DT,경기도 화성시 영통로 43 (반월동),N,N,N,N,N
의정부녹양DT,경기도 의정부시 비우로 119 (가능동),N,N,N,N,N
대구평리DT,대구광역시 서구 서대구로 89 (평리1동),N,N,N,Y,N
대구상동DT,대구광역시 수성구 무학로 29(상동),N,N,Y,N,N
고양DT,경기도 고양시 덕양구 호국로 1775 (고양동),N,N,N,N,N
전주서신,전북특별자치도 전주시 완산구 서신로 104 (서신동),N,N,N,N,N
목포북항DT,전라남도 목포시 고하대로 694 (산정동),N,N,N,N,N
광주북구청,광주광역시 북구 서방로9번길 30 (중흥동),N,N,N,Y,N
광주풍암,광주광역시 서구 풍암2로 8 (풍암동) 한아름빌딩,N,N,N,N,N
방배,서울특별시 서초구 방배로 211,N,N,N,Y,N
숭실대입구역,서울특별시 동작구 상도로 354 (상도동),N,N,N,N,N
방배카페거리,서울특별시 서초구 방배중앙로 162 (방배동),N,N,N,N,N
울산남구청DT,울산광역시 남구 번영로 215 (신정동),N,N,Y,N,N
울산중리사거리DT,울산광역시 남구 돋질로 310 (삼산동),N,N,N,N,N
수영망미DT,부산광역시 수영구 과정로 68 (망미동),N,N,N,N,N
인천용현DT,인천광역시 미추홀구 아암대로 107 (용현동),N,N,N,N,N
부천중동DT,경기도 부천시 원미구 부흥로 193 (중동),N,N,N,Y,N
대전유천DT,대전광역시 중구 계백로 1604 (유천동),N,N,N,N,N
합정,"서울특별시 마포구 월드컵로1길 14 (합정동) 마포한강푸르지오 110, 111, 112-2",N,N,N,N,N
김천시청DT,경상북도 김천시 시청로 47 (대신동),N,N,N,N,N
진주평거,경상남도 진주시 진양호로 206 BYC빌딩1층,N,N,Y,Y,N
동대구로DT,대구광역시 동구 동대구로 422 (신천동),N,N,N,N,N
서교동사거리,서울특별시 마포구 양화로 105 (서교동),N,N,N,N,N
성남이마트,경기도 성남시 수정구 수정로 201 (태평1동) 신세계쉐덴,N,N,N,N,N
경주터미널DT,경상북도 경주시 태종로 686 (사정동),N,N,N,Y,N
대구칠곡대로DT,대구광역시 북구 칠곡중앙대로 348 (태전동),N,N,N,Y,N
대구황금DT,대구광역시 수성구 청수로 164 (지산동),N,N,N,N,N
상봉,"서울특별시 중랑구 상봉로 131 (상봉동, 상봉 듀오트리스 주상복합)",N,N,N,N,N
선유동이레빌딩,서울특별시 영등포구 선유동2로 57 (양평제1동) 이레빌딩,N,N,N,Y,N
상암사보이시티,서울특별시 마포구 월드컵북로54길 17 (상암동),N,N,N,N,N
인천송도DT,인천광역시 연수구 하모니로 136 (송도동),N,N,N,N,N
인천간석DT,인천광역시 남동구 경원대로 974 (간석동),N,N,N,N,N
송도캠퍼스타운역,인천광역시 연수구 송도과학로27번길 55 (송도동) 롯데캠퍼스타운,Y,N,N,N,N
행신역,경기도 고양시 덕양구 충장로 14 (행신동),N,N,Y,N,N
판교알파돔시티,"경기도 성남시 분당구 판교역로 145 타워2동 1층, 138~142호 (백현동530, 알파리움)",N,N,N,N,N
대전신탄진DT,대전광역시 대덕구 대덕대로 1544 (석봉동),N,N,N,N,N
구미옥계,경상북도 구미시 옥계북로 20 (양포동),N,N,N,N,N
춘천석사DT,강원특별자치도 춘천시 후석로 13 (석사동),N,N,N,Y,N
포스코사거리,서울특별시 강남구 테헤란로 505 (삼성동) 화진빌딩,N,N,N,N,N
여의도역R,서울특별시 영등포구 의사당대로 83 (여의도동) 1층,Y,N,N,N,N
리버사이드팔당DT,경기도 남양주시 와부읍 경강로 772,N,Y,N,Y,N
평택험프리 트룹몰,경기도 평택시 팽성대교길 153 (팽성읍),N,N,N,N,N
평택험프리 메인몰,경기도 평택시 팽성대교길 153-1 (팽성읍),N,Y,N,N,N
둔촌동,서울특별시 강동구 양재대로 1303 (성내동) 평원빌딩,N,Y,N,N,N
대전가수원DT,대전광역시 서구 계백로 1128 (가수원동),N,N,N,N,N
천안IC DT,충청남도 천안시 동남구 신부15길 3 (신부동),Y,Y,N,N,N
해운대,부산광역시 해운대구 구남로 49 (중동) 101호,N,N,Y,Y,N
송파아이파크,서울특별시 송파구 법원로 55 (문정동),N,N,N,Y,N
서울타워,서울특별시 용산구 남산공원길 105 (용산동2가) YTN서울타워 1층,N,N,N,Y,N
용인동백DT,경기도 용인시 기흥구 어정로 102 (상하동),N,N,N,Y,N
용인시청DT,경기도 용인시 처인구 중부대로 1130,Y,N,N,N,N
낙성대DT,서울특별시 관악구 남부순환로 1948 (봉천동),N,N,N,N,N
중앙대,서울특별시 동작구 흑석로 75-1 (흑석동),N,N,N,N,N
동두천DT,경기도 동두천시 평화로 2254 (지행동),N,N,N,N,N
서울대역,서울특별시 관악구 남부순환로 1817 (봉천동),N,N,N,N,N
청계산입구역,서울특별시 서초구 청계산로 203 (신원동),N,N,N,N,N
안양호계DT,경기도 안양시 동안구 엘에스로 27 (호계동),N,N,N,N,N
대구수목원,대구광역시 달서구 화암로 379,N,N,N,N,N
대구도원DT,대구광역시 달서구 상화로 314 (도원동),Y,N,N,N,N
화곡DT,서울특별시 강서구 등촌로 57 (화곡동),N,N,N,N,N
울산성안,울산광역시 중구 성안12길 45 (성안동),N,N,N,N,N
동의대역,부산광역시 부산진구 가야대로 589 (가야제1동),N,N,N,N,N
여수둔덕DT,전라남도 여수시 좌수영로 482 (둔덕동),N,N,N,N,N
을숙도강변DT,부산광역시 사하구 하신번영로 381-6 (하단동),N,N,N,N,N
한국프레스센터,서울특별시 중구 세종대로 124 (태평로1가),N,N,N,Y,N
광주상무시민로,광주광역시 서구 운천로 253 (치평동) 103호,N,Y,N,N,N
스타필드하남1F(티바나),경기도 하남시 미사대로 750 (신장동),N,N,N,N,N
스타필드하남2FR,경기도 하남시 미사대로 750 (신장동),N,N,N,N,N
부산재송DT,부산광역시 해운대구 해운대로 189 (재송동),N,N,Y,N,N
송파방이DT,서울특별시 송파구 오금로 241 (방이동),N,N,N,N,N
고양삼송,경기도 고양시 덕양구 신원동 628-2,N,N,N,N,N
제주애월DT,제주특별자치도 제주시 애월읍 애월해안로 376,N,N,Y,N,N
제주성산DT,제주특별자치도 서귀포시 성산읍 일출로 80,N,N,N,N,N
신촌오거리,서울특별시 마포구 신촌로16길 10 (노고산동),N,N,N,N,N
전남나주,전라남도 나주시 상야1길 21 (빛가람동),N,N,N,N,N
화성병점DT,경기도 화성시 효행로 1015 (진안동),N,N,N,N,N
광주방림DT,광주광역시 남구 대남대로 67 (방림동),N,N,N,N,N
동부산DT,부산광역시 기장군 기장읍 기장해안로 56,N,N,N,N,N
을지로2가,서울특별시 중구 삼일대로 358 (을지로2가),N,N,N,N,N
성신여대정문,서울특별시 성북구 보문로34길 62 (동선동2가),N,N,N,N,N
춘천후평DT,강원특별자치도 춘천시 후석로 316 (후평동),N,N,N,N,N
신림DT,서울특별시 관악구 남부순환로 1419 (신림동),N,N,N,N,N
대구중동네거리DT,대구광역시 수성구 청수로 51 (중동),N,N,N,N,N
삼성창원병원,경상남도 창원시 마산회원구 팔용로 158 (합성동),N,N,N,N,N
대구수성네거리DT,대구광역시 수성구 들안로 342 (수성동4가),N,N,N,N,N
대치사거리,서울특별시 강남구 삼성로 402 (대치동),N,N,N,Y,N
한남동R,서울특별시 용산구 독서당로 94 (한남동),N,N,N,N,N
남양주진접DT,경기도 남양주시 진접읍 금강로 1477,N,N,N,N,N
정자동,경기도 성남시 분당구 정자로 82 (정자동),N,Y,N,N,N
광주수완DT,광주광역시 광산구 임방울대로 487 (수완동),N,N,N,N,N
대전둔산로,대전광역시 서구 대덕대로241번길 35 (둔산동),N,N,N,N,N
대전법원,대전광역시 서구 둔산로123번길 43 (둔산동),N,N,N,N,N
서초법원,서울특별시 서초구 서초대로 274 (서초동),N,Y,N,N,N
전남광양DT,전라남도 광양시 중마중앙로 143,N,N,Y,N,N
동국대,서울특별시 중구 서애로 1길 11,N,N,N,N,N
신세계본점6F,서울특별시 중구 퇴계로 77 (충무로1가),N,N,Y,N,N
세종어진R,세종특별자치시  한누리대로 499 (어진동),N,N,N,N,N
동탄영천,경기도 화성시 동탄순환대로 692 (영천동),N,N,N,N,N
인천연수,"인천광역시 연수구 용담로 115 (연수동) 105,106,203호",N,N,N,N,N
인천서창,"인천광역시 남동구 서창남로 51 (서창동) 101,102,103호",N,Y,N,N,N
가산디지털단지역,"서울특별시 금천구 벚꽃로 298 (가산동), 대륭포스트타워 6차 1층",N,Y,N,N,N
압구정,서울특별시 강남구 압구정로30길 17 (신사동),N,N,N,N,N
인천터미널사거리,인천광역시 남동구 예술로 126 (구월동),N,N,N,N,N
울산정자비치DT,울산광역시 북구 동해안로 1601 (산하동),N,N,N,N,N
김해이마트,경상남도 김해시 김해대로 2232 김해이마트 1층,N,N,N,N,N
신세계김해,경상남도 김해시 김해대로 2232 신세계백화점 1층,N,N,N,N,N
광안비치,부산광역시 수영구 광안로62번길 39 (광안동),N,N,N,Y,N
백석중앙로,경기도 고양시 일산동구 강송로 33 (백석동),N,N,Y,Y,N
울산시청사거리DT,울산광역시 남구 중앙로 180 (달동),N,N,N,N,N
의정부회룡역DT,경기도 의정부시 평화로 341 (호원동),N,N,N,N,N
동해DT,강원특별자치도 동해시 중앙로 219 (천곡동),N,N,N,N,N
경산중방DT,경상북도 경산시 경안로 222 (중방동),N,N,N,N,N
대치은마사거리,서울특별시 강남구 도곡로 457 (대치동),Y,N,N,N,N
신당역사거리,서울특별시 중구 다산로 258 (흥인동),N,N,N,N,N
대구진천역,대구광역시 달서구 월배로 91 (진천동),N,N,N,N,N
김포감정DT,경기도 김포시 중봉로 27 (감정동),N,N,N,N,N
강동역,"서울특별시 강동구 천호대로 1089 (천호동, 강동 헤르셔)",N,N,Y,N,N
대전태평,대전광역시 중구 태평로 71 (태평동),N,N,N,N,N
남영동,서울특별시 용산구 한강대로 275 (갈월동),N,N,N,Y,N
광주상무중앙로,광주광역시 서구 상무중앙로 46 (치평동) 1층,N,N,N,Y,N
별내불암로,경기도 남양주시 별내5로5번길 15 (별내동),N,N,N,N,N
전북정읍DT,전북특별자치도 정읍시 충정로 271 (수성동),N,N,N,N,N
평촌호계,경기도 안양시 동안구 평촌대로 123 (호계동),N,N,N,N,N
목동오목로,"서울특별시 양천구 오목로 279 (목동) 102,103,104,105호",N,Y,N,N,N
대전대사DT,대전광역시 중구 계룡로 949 (대사동),N,N,N,N,N
서강대흥역,서울특별시 마포구 백범로 89-5 (대흥동),N,N,N,N,N
연세세브란스,서울특별시 중구 통일로 10 (남대문로5가),N,N,N,N,N
마포염리,서울특별시 마포구 독막로 311 (염리동),N,Y,N,Y,N
미아뉴타운,서울특별시 강북구 삼양로 161 (미아동),N,N,N,N,N
동명대DT,부산광역시 남구 신선로 423 (용당동),N,N,N,Y,N
대구중앙로역,대구광역시 중구 국채보상로 582 (남일동),N,N,Y,N,N
신세계하남2F,경기도 하남시 미사대로 750 (신장동),N,N,N,N,N
국회의사당역,서울특별시 영등포구 의사당대로 8 (여의도동),N,N,N,N,N
김천구미역,경상북도 김천시 혁신3로 26 (율곡동),N,N,N,Y,N
익산영등DT,전북특별자치도 익산시 무왕로 1005 (영등동),N,N,N,N,N
뉴코아부천,경기도 부천시 원미구 송내대로 239 (상동),N,N,N,Y,N
대전도안DT,대전광역시 유성구 도안대로 573 (봉명동),N,N,N,N,N
상왕십리역,서울특별시 성동구 왕십리로 382 (하왕십리동),N,N,Y,N,N
동대문공원,서울특별시 중구 장충단로 229 (광희동1가),N,N,N,N,N
강남우성,서울특별시 강남구 강남대로 328 (역삼동),N,N,N,N,N
오창호수공원,"충청북도 청주시 청원구 오창읍 중심상업1로 20 101,102,103,104호",N,N,Y,N,N
연신내,서울특별시 은평구 통일로 867 (갈현동),N,N,N,Y,N
포항장성DT,경상북도 포항시 북구 새천년대로 1255 (장성동),Y,N,N,Y,N
원주혁신도시,강원특별자치도 원주시 혁신로 61 (반곡동),N,N,N,N,N
서강광흥창역,서울특별시 마포구 서강로 69 (창전동),N,N,N,N,N
대전유성구청,대전광역시 유성구 어은로 42 (어은동),N,N,N,Y,N
일산덕이DT,경기도 고양시 일산서구 탄중로 106 (덕이동),N,N,N,N,N
중동이마트,경기도 부천시 원미구 석천로 188 (중동),N,N,N,N,N
신사가로수,서울특별시 강남구 가로수길 59,N,N,N,N,N
울산성남삼거리,울산광역시 중구 젊음의2거리 33 (성남동),N,Y,N,Y,N
사직구장,부산광역시 동래구 사직북로 4 (사직동),N,N,N,N,N
순천신대,전라남도 순천시 해룡면 향매로 99,N,N,N,N,N
여의도공원R,서울특별시 영등포구 여의공원로 101 (여의도동),N,N,N,N,N
금천시흥,서울특별시 금천구 시흥대로 164 (시흥동),N,N,N,N,N
대구월성,대구광역시 달서구 조암로 41 (월성동),N,N,N,Y,N
광주송정역,광주광역시 광산구 상무대로205번길 6 (송정동),N,N,N,N,N
미아,서울특별시 성북구 동소문로 314 (하월곡동),Y,N,N,N,N
동대입구역,서울특별시 중구 장충단로 166 (장충동1가),N,Y,N,Y,N
청담스타R,서울특별시 강남구 도산대로57길 24 (청담동),N,N,N,N,N
울산진장,울산광역시 북구 진장17길 10 (진장동),N,N,N,N,N
영등포KT,서울특별시 영등포구 영중로 119 (영등포동8가),N,Y,N,N,N
청담영동대로,서울특별시 강남구 영동대로 720 (청담동),N,N,N,N,N
광명소하DT,경기도 광명시 오리로 363 (소하동),N,Y,N,N,N
대구유통단지,대구광역시 북구 유통단지로8길 78 106호 (산격동),N,N,N,Y,N
제주에듀시티,제주특별자치도 서귀포시 대정읍 에듀시티로 36,N,N,N,N,N
신세계대구3F(티바나),대구광역시 동구 동부로 149 신세계백화점 대구점 3층,N,N,N,N,N
신세계대구8FR,대구광역시 동구 동부로 149 신세계백화점 대구점 8층,N,N,N,N,N
의왕포일,경기도 의왕시 안양판교로 89 (포일동),N,N,N,N,N
순천호수공원,전라남도 순천시 왕지2길 17 (왕지동),N,N,N,N,N
공릉역,서울특별시 노원구 동일로 1081 (공릉동),N,N,N,N,N
목동8단지,서울특별시 양천구 목동서로 299 (신정동),Y,N,Y,Y,N
아산용화,충청남도 아산시 어의정로 117 (용화동),N,Y,N,N,N
광명소하,경기도 광명시 금하로 464 (소하동),N,N,N,N,N
홍제역,서울특별시 서대문구 통일로 451 (홍제동),N,N,N,N,N
광주서문대로,광주광역시 남구 서문대로 665 (진월동),N,N,N,N,N
용산파크타워,"서울특별시 용산구 서빙고로 67 (용산동5가, 파크타워)",N,N,N,N,N
양산덕계DT,경상남도 양산시 웅상대로 860 (덕계동),N,N,N,N,N
광명사거리역,경기도 광명시 광명로 907 (광명동),N,N,N,N,N
천안신불당,충청남도 천안시 서북구 불당33길 24 (불당동),N,N,N,N,N
경희대삼거리,서울특별시 동대문구 회기로 141 (회기동),N,N,N,N,N
하남미사,경기도 하남시 미사강변북로30번길 130 (망월동),N,N,N,N,N
순천연향,전라남도 순천시 연향번영길 118 (연향동),N,N,N,N,N
광주일곡,광주광역시 북구 설죽로 518 (일곡동),N,N,N,N,N
창원호계DT,경상남도 창원시 마산회원구 내서읍 호원로 315,N,Y,N,N,N
구로디지털타워,서울특별시 구로구 디지털로32길 30 (구로동),N,N,N,Y,N
강남구청정문,서울특별시 강남구 학동로 419 (청담동),N,N,N,N,N
의정부민락,경기도 의정부시 천보로 68 (민락동),N,N,N,N,N
당산대로,서울특별시 영등포구 양평로 22 (당산동6가),N,Y,Y,N,N
설악쏘라노,강원특별자치도 속초시 미시령로2983번길 111 (장사동),N,N,N,N,N
강남대로신사,서울특별시 서초구 강남대로 595 (잠원동),N,N,N,N,N
분당율동공원,경기도 성남시 분당구 새마을로175번길 4 (율동),N,N,N,N,N
마곡GMG,"서울특별시 강서구 마곡중앙6로 16 (마곡동) 117,118,119,120호",N,N,N,N,N
자갈치역,부산광역시 중구 구덕로 54-1 (남포동5가),N,N,Y,N,N
금련산역,부산광역시 수영구 수영로464번길 6 (남천동),N,N,N,N,N
이천사음DT,경기도 이천시 경충대로 3045 (사음동),N,N,N,N,N
목포하당,전라남도 목포시 백년대로 293 (상동),N,N,N,N,N
황학사거리,"서울특별시 성동구 왕십리로 410 (하왕십리동, 센트라스)",N,Y,N,N,N
대구계산,대구광역시 중구 달구벌대로415길 1 (계산동2가),N,N,N,N,N
수영역,부산광역시 수영구 수영로 671 (광안동),N,N,N,N,N
경주보문,경상북도 경주시 보문로 537 (천군동),N,N,N,N,N
영종도운서역,인천광역시 중구 신도시남로142번길 17 (운서동),N,N,N,N,N
부천심곡DT,경기도 부천시 원미구 부천로 97 (심곡동),N,N,N,N,N
잠실대교남단R,서울특별시 송파구 송파대로 570 타워 730 1층,N,Y,N,N,N
답십리역,서울특별시 동대문구 천호대로 263 (답십리동),N,N,N,N,N
가양역,서울특별시 강서구 양천로 476 (등촌동),N,N,N,N,N
계룡대로DT,충청남도 계룡시 엄사면 번영로 6,N,N,N,N,N
명륜역,부산광역시 동래구 동래로 25,N,N,N,N,N
동서대DT,부산광역시 사상구 가야대로 338 (주례동),N,N,N,N,N
천안안서,충청남도 천안시 동남구 안서3길 3 (안서동),N,N,N,N,N
온천장역DT,부산광역시 금정구 식물원로 13 (장전동),N,Y,N,N,N
수원권선DT,경기도 수원시 권선구 매송고색로 543 (오목천동),N,N,N,N,N
공덕,서울특별시 마포구 마포대로 130 (공덕동),N,N,N,N,N
광주두암타운,광주광역시 북구 삼정로 4 (두암동),N,N,N,N,N
문정역,"서울특별시 송파구 송파대로 167 (문정동)테라타워 B동 137호~139호,204호",N,Y,N,N,N
아현역,"서울특별시 서대문구 신촌로35길 10 (북아현동, E편한세상신촌 4단지)",N,N,N,N,N
문정하비오,"서울특별시 송파구 송파대로 111 (문정동, 파크하비오) 204동 104호~107호",N,N,N,N,N
다대포DT,부산광역시 사하구 다대로 493 (다대동),N,N,N,Y,N
서울고속터미널,서울특별시 서초구 신반포로 194 (반포동),N,N,N,N,N
대구칠성DT,대구광역시 북구 중앙대로 524 (칠성동2가),N,N,N,Y,N
대구중동DT,대구광역시 수성구 수성로 243 (중동),N,N,N,N,N
포항쌍용DT,경상북도 포항시 남구 중흥로 122 (상도동),N,N,Y,Y,N
안산상공회의소,경기도 안산시 단원구 적금로 120 (고잔동),N,N,N,N,N
노원마들역,"서울특별시 노원구 노원로 569 (상계동, 임광아파트)",N,N,N,N,N
분당이매,경기도 성남시 분당구 이매로 15 (이매동),N,N,N,N,N
청주용담DT,충청북도 청주시 상당구 산성로 129 (용담동),N,N,N,N,N
충주시청DT,충청북도 충주시 국원대로 208-1 (금릉동),N,Y,N,Y,N
신정DT,서울특별시 양천구 신월로 341 (신정동),N,N,N,N,N
독산사거리,서울특별시 금천구 시흥대로 426 (독산동),N,N,N,Y,N
충주터미널,충청북도 충주시 봉계13길 2 (봉방동),N,N,N,N,N
창원마창대교,경상남도 창원시 성산구 삼귀로 159 (귀곡동),N,N,N,N,N
광주흑석DT,광주광역시 광산구 사암로 367 (산정동),N,N,Y,N,N
원주무실,강원특별자치도 원주시 능라동길 73 (무실동),N,N,N,N,N
야탑터미널,경기도 성남시 분당구 성남대로925번길 16 (야탑동),N,N,N,N,N
포천DT,경기도 포천시 호국로 925 (선단동),N,N,N,N,N
시흥P.아울렛 3F,경기도 시흥시 서해안로 699 (정왕동),N,N,N,N,N
시흥P.아울렛 1F,경기도 시흥시 서해안로 699 (정왕동),N,N,N,Y,N
일산가구단지,경기도 고양시 일산서구 하이파크2로 67 (덕이동),N,N,N,N,N
전주백제대로DT,전북특별자치도 전주시 완산구 백제대로 242 (중화산동2가),N,N,Y,Y,N
광주매곡DT,광주광역시 북구 설죽로 339 (매곡동),Y,N,N,N,N
공릉DT,서울특별시 노원구 동일로 1015 (공릉동),N,N,N,N,N
송파위례,"서울특별시 송파구 위례광장로 230 (장지동, 위례2차아이파크)",N,Y,N,N,N
창원역DT,경상남도 창원시 의창구 의창대로 68 (팔용동),N,N,N,N,N
일산풍동DT,경기도 고양시 일산동구 백마로 475 (풍동),N,N,N,Y,N
성수역,서울특별시 성동구 성수이로 94 (성수동2가),N,N,N,N,N
제천DT,충청북도 제천시 의림대로 181 (중앙로2가),N,N,N,Y,N
대전한남대DT,대전광역시 대덕구 한밭대로 1122 (중리동),N,N,N,N,N
강릉교동광장,강원특별자치도 강릉시 교동광장로 114 (교동),N,N,N,N,N
을지로국제빌딩,서울특별시 중구 남대문로 109 (다동),N,N,N,N,N
대전둔산남로,대전광역시 서구 둔산남로 100 (탄방동),N,N,N,N,N
국회대로,서울특별시 영등포구 국회대로 786 (여의도동),N,N,N,N,N
스타필드코엑스몰R,서울특별시 강남구 영동대로 513 (삼성동) 코엑스 A106호,N,N,N,N,N
수원권선,"경기도 수원시 권선구 동수원로177번길 40 (권선동, 수원아이파크시티8단지)",N,N,N,N,N
종암DT,서울특별시 성북구 종암로 17 (종암동),N,N,N,N,N
여의도KBS R,서울특별시 영등포구 의사당대로 26 (여의도동),N,N,N,N,N
이수역사거리,"서울특별시 서초구 서초대로 3-4 (방배동, 방배디오슈페리움1)",N,Y,Y,N,N
천안쌍용역,충청남도 천안시 서북구 충무로 133 (쌍용동),N,N,N,Y,N
양산가촌,경상남도 양산시 물금읍 야리로 25,N,N,N,N,N
연산시티타워,부산광역시 연제구 중앙대로 1125 (연산동),N,N,N,Y,N
대구테크노폴리스,"대구광역시 달성군 유가면 테크노상업로 84 대경타워 105호, 106호, 107호",N,Y,N,N,N
국제시장,부산광역시 중구 대청로 80 (대청동3가),N,N,N,N,N
대전판암DT,대전광역시 동구 옥천로 118 (판암동),N,N,N,N,N
강남R,서울특별시 강남구 강남대로 390 (역삼동),N,N,Y,Y,N
수원KBS DT,경기도 수원시 팔달구 권광로 265 (인계동),N,N,N,Y,N
방화DT,서울특별시 강서구 방화대로 375 (방화동),Y,N,N,Y,N
전주덕진광장DT,전북특별자치도 전주시 덕진구 기린대로 491 (덕진동1가),Y,N,N,N,N
송도트리플R,인천광역시 연수구 송도과학로16번길 33-1 (송도동),N,Y,N,N,N
강남오거리,서울특별시 강남구 봉은사로2길 39 (역삼동),N,N,N,N,N
동탄역,경기도 화성시 동탄대로 495 (오산동),N,N,N,N,N
성남위례,경기도 성남시 수정구 위례광장로 104 (창곡동),N,N,N,Y,N
아산탕정,충청남도 아산시 탕정면 탕정면로 10,N,N,N,Y,N
신용산역,"서울특별시 용산구 한강대로 95 (한강로2가, 래미안용산)",N,N,Y,N,N
뚝섬역,서울특별시 성동구 아차산로 42 (성수동1가),N,N,Y,N,N
경기양평,경기도 양평군 양평읍 시민로 75,N,Y,N,N,N
청주오송,충청북도 청주시 흥덕구 오송읍 오송생명로 222,N,N,N,Y,N
연신내역사거리,서울특별시 은평구 통일로 842 (불광동),N,Y,N,N,N
수영강변DT,부산광역시 해운대구 수영강변대로 516 (반여동),N,Y,N,N,N
세종새롬,세종특별자치시  새롬중앙로 64 (새롬동),N,N,N,N,N
천안청당,충청남도 천안시 동남구 청수14로 102 (청당동),N,N,N,N,N
도곡공원,서울특별시 강남구 도곡로 205 (역삼동),N,N,N,N,N
과천DT,경기도 과천시 중앙로 277 (중앙동),N,N,N,N,N
시흥대야,경기도 시흥시 비둘기공원로 10 (대야동),N,N,N,N,N
금정구청DT,부산광역시 금정구 중앙대로 1730 (부곡동),N,N,N,Y,N
신대방삼거리역,서울특별시 동작구 상도로 102 (상도동),N,N,N,N,N
진해자은DT,경상남도 창원시 진해구 진해대로 962 (자은동),N,N,N,Y,N
울산북구청DT,울산광역시 북구 산업로 1011 (연암동),N,Y,N,N,N
의정부용현DT,경기도 의정부시 시민로 468 (용현동),N,N,N,N,N
마곡나루역,서울특별시 강서구 마곡중앙로 161-17 (마곡동),N,N,N,N,N
목동역,서울특별시 양천구 목동로 203 (신정동) 1층일부,N,N,N,N,N
인천학익DT,인천광역시 미추홀구 매소홀로 368 (학익동),N,N,N,N,N
종로R,서울특별시 종로구 종로 51 (종로2가),N,N,N,N,N
의정부공원,경기도 의정부시 평화로 540 (의정부동),N,Y,N,N,N
여수웅천,전라남도 여수시 예울마루로 37-53 (웅천동),N,N,N,N,N
제주시청,제주특별자치도 제주시 중앙로 215 (이도이동),N,N,N,N,N
인천구월아시아드,인천광역시 남동구 인하로 556 (구월동),N,Y,N,Y,N
올림픽대교북단,서울특별시 광진구 광나루로 608 (구의동),N,N,N,N,N
홍대공항철도역,서울특별시 마포구 양화로 178 (동교동),N,N,N,N,N
서산예천DT,충청남도 서산시 나무장1길 22 (예천동),N,N,N,N,N
이촌,서울특별시 용산구 이촌로 276 (이촌동),Y,N,N,N,N
배곧신도시,경기도 시흥시 서울대학로278번길 43-13 (정왕동),N,N,N,N,N
스타필드고양1FR,경기도 고양시 덕양구 고양대로 1955 (동산동),N,N,N,N,N
스타필드고양3F,경기도 고양시 덕양구 고양대로 1955 (동산동),N,N,N,N,N
범계역,경기도 안양시 동안구 시민대로 180 (호계동),N,N,N,N,N
동탄능동DT,경기도 화성시 동탄지성로 201 (능동),N,N,N,N,N
신촌역,서울특별시 서대문구 신촌로 73 (창천동),Y,N,N,N,N
홍대입구역사거리R,서울특별시 마포구 양화로 125 (서교동),N,N,N,N,N
해운대역,부산광역시 해운대구 구남로 9 (우동),N,N,Y,Y,N
제주신화월드R,제주특별자치도 서귀포시 안덕면 신화역사로304번길 38 B1-29,N,N,N,N,N
김포장기커낼,"경기도 김포시 김포한강2로 41 (장기동, E편한세상 캐널시티)",N,N,N,N,N
서초역이화빌딩,서울특별시 서초구 반포대로21길 3 (서초동),N,Y,N,N,N
안양운동장사거리DT,경기도 안양시 동안구 관악대로 234 (비산동),N,N,N,N,N
서초우성사거리,서울특별시 서초구 강남대로 343 (서초동),Y,N,N,N,N
광주지산유원지입구,광주광역시 동구 무등로 592 (산수동),N,N,N,N,N
광주화정DT,광주광역시 서구 상무대로 1080,N,N,N,N,N
양주광사DT,경기도 양주시 부흥로 1872 (광사동),N,N,N,Y,N
구미도량DT,경상북도 구미시 야은로 312 (도량동),N,N,N,N,N
대구월촌역,대구광역시 달서구 월배로 315 (송현동),N,N,Y,N,N
춘천구봉산R,강원특별자치도 춘천시 동면 순환대로 1154-63,N,N,N,N,N
독립문역,서울특별시 종로구 송월길 155 경희궁자이 4단지 1층 팰리스애비뉴 4114~4119호,N,N,N,N,N
서초구청,서울특별시 서초구 남부순환로 2557 (서초동),N,N,N,N,N
대전복수,대전광역시 서구 복수남로 28 (복수동),N,N,N,N,N
여의도IFC몰(L1)R,서울특별시 영등포구 국제금융로 10 (여의도동)  지하1층 178호,N,N,N,N,N
정부서울청사R,서울특별시 종로구 새문안로5가길 28 (적선동),N,N,N,N,N
용산역써밋R,"서울특별시 용산구 한강대로 69 (한강로2가, 용산푸르지오써밋)",N,N,N,N,N
용인보라DT,경기도 용인시 기흥구 용구대로 1877 (보라동),N,N,N,N,N
북수원IC DT,경기도 수원시 장안구 경수대로 1038 (파장동),N,N,N,N,N
파주야당역,경기도 파주시 경의로 1066,N,N,N,N,N
마포경찰서후문,서울특별시 마포구 마포대로 173-14 (아현동),N,N,N,N,N
구파발사거리,서울특별시 은평구 진관3로 21 은평엘크루 101동 105-108호,N,N,N,N,N
울산도산사거리DT,울산광역시 남구 대암로129번길 9-6 (야음동),Y,N,N,Y,N
마산역DT,경상남도 창원시 마산회원구 3·15대로 715 (석전동),N,N,N,N,N
마산해안대로DT,경상남도 창원시 마산합포구 해안대로 383 (오동동),N,N,N,N,N
오산갈곶DT,"경기도 오산시 경기대로 50, B동 (갈곶동)",N,N,N,N,N
선릉동신빌딩R,서울특별시 강남구 테헤란로 409 (삼성동),N,N,N,N,N
여주DT,경기도 여주시 세종로 358 (점봉동)_1,N,N,N,N,N
봉은사로선정릉,서울특별시 강남구 봉은사로 446 (삼성동),N,N,N,N,N
경기광주신현DT,경기도 광주시 태재로37,N,N,N,N,N
수원천천,경기도 수원시 장안구 덕영대로535번길 46 (천천동),N,N,N,N,N
보라매공원R,"서울특별시 동작구 보라매로5길 35 (신대방동, 파크스퀘어,보라매현대APT)",N,N,N,N,N
대구월곡DT,대구광역시 달서구 월곡로 225 (상인동),N,Y,N,N,N
울산MBC DT,울산광역시 중구 번영로 434 (복산동),N,N,Y,N,N
의정부예술의전당DT,경기도 의정부시 경의로 31 (의정부동),N,N,N,N,N
천안시청,충청남도 천안시 서북구 불당22대로 67 (불당동),N,N,N,N,N
센텀파크,"부산광역시 해운대구 센텀중앙로 145 (재송동, 더샵센텀파크1차아파트)",N,N,N,N,N
송파개롱역,서울특별시 송파구 오금로 420 (가락동),N,N,Y,N,N
용인상하DT,경기도 용인시 기흥구 중부대로 771 (상하동),Y,Y,N,N,N
방배다이치빌딩,서울특별시 서초구 방배로 114 (방배동),N,Y,Y,N,N
전주혁신도시,전북특별자치도 전주시 덕진구 기지로 68 (중동),N,N,N,N,N
전주송천DT,전북특별자치도 전주시 덕진구 송천중앙로 228 (송천동2가),N,N,N,N,N
전주평화DT,전북특별자치도 전주시 완산구 모악로 4696 (평화동2가),Y,N,N,N,N
일산가로수길,경기도 고양시 일산서구 주엽로 80 (대화동),Y,N,N,N,N
노량진역,서울특별시 동작구 노량진로 134 (노량진동),Y,N,N,N,N
남양산IC DT,경상남도 양산시 동면 양산대로 532,N,N,N,N,N
강동암사DT,서울특별시 강동구 고덕로 43 (암사동),N,N,N,N,N
이태원역,서울특별시 용산구 이태원로 188 (이태원동),N,N,N,N,N
마곡사이언스타워R,서울특별시 강서구 마곡동로 62 (마곡동),N,N,N,N,N
명지국제신도시,부산광역시 강서구 명지국제5로 42 (명지동),N,N,N,N,N
합정폴리스R,"서울특별시 마포구 양화로 45 (서교동, 메세나폴리스)",N,N,N,N,N
수서역R,서울특별시 강남구 광평로 281 (수서동),N,N,N,N,N
김해구산DT,경상남도 김해시 김해대로 1918 (구산동),N,N,N,Y,N
광안수변공원,부산광역시 수영구 민락수변로 29 (민락동),N,N,N,N,N
광주봉선로,광주광역시 남구 제석로 104 (봉선동),N,N,N,N,N
광화문우체국,서울특별시 종로구 종로 6 (서린동),N,N,N,Y,N
대전탄방역,대전광역시 서구 문정로2번길 95 (탄방동),N,N,Y,N,N
광주신안DT,광주광역시 북구 서암대로 93 (신안동),N,N,N,N,N
광주산정DT,광주광역시 광산구 용아로 342 (산정동),N,Y,N,Y,N
이천증포DT,경기도 이천시 이섭대천로 1445 (증포동),N,N,N,N,N
안산고잔센트럴타워,경기도 안산시 단원구 고잔로 72 (고잔동),N,Y,Y,N,N
센트럴F1,서울특별시 서초구 신반포로 176 (반포동),N,N,N,N,N
동탄카림,"경기도 화성시 동탄대로시범길 134 (청계동, 시범 반도유보라 아이비파크4.0)",N,N,N,N,N
일산애니골DT,경기도 고양시 일산동구 무궁화로 294 (풍동),N,N,Y,N,N
서면로R,부산광역시 부산진구 서면로 49-1 (부전동),N,N,N,N,N
원주명륜DT,강원특별자치도 원주시 남원로 588 (명륜동),N,N,N,N,N
판교아비뉴프랑R,"경기도 성남시 분당구 동판교로177번길 25 (삼평동, 판교 호반 써밋 플레이스)",N,N,N,N,N
양재강남빌딩R,서울특별시 강남구 남부순환로 2621 (도곡동),N,N,N,N,N
용호동W스퀘어,"부산광역시 남구 분포로 145 (용호동) 더블유스퀘어동 1019호,1020호,1021호,2011호 2012호",N,N,N,N,N
강남교보타워R,서울특별시 서초구 강남대로 465 (서초동),Y,Y,N,N,N
인천동춘DT,인천광역시 연수구 앵고개로 171 (동춘동),N,N,N,N,N
동래역,부산광역시 동래구 충렬대로181번길 42 (명륜동),N,N,N,Y,N
대구광장,대구광역시 달서구 달구벌대로 1710 (두류동),N,N,N,N,N
안성석정DT,경기도 안성시 중앙로 308 (석정동),N,N,N,N,N
구미상모DT,경상북도 구미시 금오대로 439 (상모동),N,Y,Y,N,N
문정법원로R,서울특별시 송파구 송파대로 201 (문정동),N,N,N,N,N
잠실시그마타워,서울특별시 송파구 올림픽로 289 (신천동),N,N,N,N,N
대구수성도서관DT,대구광역시 수성구 화랑로 112 (만촌동),N,N,N,N,N
수원호매실,"경기도 수원시 권선구 서수원로577번길 305 (금곡동, 수원모아미래도센트럴타운2단지)",N,N,N,N,N
청주사직DT,충청북도 청주시 서원구 사직대로 302 (사직동),N,N,N,Y,N
광명역,"경기도 광명시 양지로 16 (일직동, 광명역써밋플레이스)",N,N,N,N,N
청주용암DT,충청북도 청주시 상당구 1순환로 1243 (용암동),N,N,N,N,N
죽전단국대,경기도 용인시 수지구 죽전로168번길 18 (죽전동),N,N,N,N,N
공주동학사DT,충청남도 공주시 반포면 동학사1로 114,N,Y,N,N,N
광주운남DT,광주광역시 광산구 임방울대로 156 (운남동),N,N,N,N,N
송파나루역DT,서울특별시 송파구 오금로 142 (송파동),N,N,N,N,N
압구정R,서울특별시 강남구 언주로 861 (신사동),N,N,N,N,N
우장산역,서울특별시 강서구 강서로 267 (내발산동),N,N,N,N,N
파주금촌역,경기도 파주시 문화로 109 (금촌동),N,N,N,N,N
대전정부청사역,대전광역시 서구 한밭대로 755 (둔산동),N,N,N,N,N
세종다정DT,세종특별자치시 다정북로 223 (다정동),N,N,N,N,N
해운대동백,"부산광역시 해운대구 해운대해변로 197 (우동, 해운대경동제이드아파트)",N,N,N,N,N
당진시곡DT,충청남도 당진시 서해로 6283 (시곡동),N,Y,N,N,N
등촌역,서울특별시 양천구 공항대로 566 (목동) 1층 2층,N,Y,N,N,N
대전건양대병원,대전광역시 서구 관저동로 170 (관저동)1층,N,N,N,N,N
사상주례DT,부산광역시 사상구 백양대로 520 (주례동),N,N,N,N,N
대구죽전역,대구광역시 달서구 와룡로 169,N,N,N,N,N
종로평창동,서울특별시 종로구 평창12길 3 (평창동),Y,N,N,N,N
아차산역,서울특별시 광진구 천호대로 676 (구의동),N,N,N,N,N
산본사거리,경기도 군포시 고산로701,N,N,N,N,N
가산에스케이,"서울특별시 금천구 가산디지털1로 171 (가산동), SK V1센터 1층",N,N,N,N,N
구리갈매역,"경기도 구리시 경춘북로 252 (갈매동, 갈매역아이파크)",N,N,N,Y,N
남양주연평DT,경기도 남양주시 진접읍 해밀예당1로 27,N,Y,N,N,N
화성향남,경기도 화성시 향남읍 발안로 111,N,N,N,N,N
하남미사DT,경기도 하남시 미사강변남로 35 (망월동),N,Y,N,Y,N
안성공도DT,경기도 안성시 공도읍 서동대로 4489,N,N,N,N,N
평택서정DT,경기도 평택시 경기대로 1353 (서정동),N,N,N,N,N
천안서부대로DT,충청남도 천안시 서북구 서부대로 405 (쌍용동),N,N,N,Y,N
삼성역섬유센터R,서울특별시 강남구 테헤란로 518 (대치동),N,N,N,N,N
영통R,경기도 수원시 영통구 덕영대로 1566 (영통동),N,N,N,N,N
목동행복한,서울특별시 양천구 목동동로 309 (목동),N,N,N,Y,N
대구그랜드호텔R,대구광역시 수성구 동대구로 305 (범어동),N,N,N,N,N
강동구청DT,서울특별시 강동구 성내로 32 (성내동),N,N,N,N,N
광교엘포트R,경기도 수원시 영통구 광교중앙로 145 (이의동),N,N,N,N,N
마포용강동,서울특별시 마포구 토정로 295 (용강동),N,N,N,N,N
어린이대공원역,서울특별시 광진구 능동로 243 (군자동),N,N,N,N,N
천안불당DT,충청남도 천안시 서북구 불당34길 4 (불당동),N,N,N,Y,N
경인교대입구역DT,인천광역시 계양구 계양대로 131 (작전동),Y,N,N,N,N
이수자이,서울특별시 동작구 사당로 300 (사당동 이수자이),N,N,N,Y,N
상계초교사거리,서울특별시 노원구 노원로 449 (상계동),N,N,N,N,N
광명하안대로,경기도 광명시 범안로 1036 (하안동),N,N,N,N,N
원주반곡DT,강원특별자치도 원주시 동부순환로 37 (반곡동),N,N,N,Y,N
검단사거리역,인천광역시 서구 완정로 172 (마전동),N,N,N,N,N
울산대공원,울산광역시 남구 대공원입구로 4 (옥동),N,N,N,N,N
부평삼거리역DT,인천광역시 남동구 경인로 750 (간석동),N,N,N,N,N
숭례문북창,서울특별시 중구 세종대로12길 12 (남대문로4가),N,N,N,Y,N
국립중앙의료원,서울특별시 중구 을지로 251 (을지로6가),N,N,N,N,N
양주덕정역DT,경기도 양주시 독바위로 35 (덕정동),N,N,N,Y,N
국기원사거리,서울특별시 강남구 테헤란로 125 (역삼동),N,N,N,N,N
익산모현,전북특별자치도 익산시 선화로 106 (모현동1가),N,N,Y,N,N
시흥대야DT,경기도 시흥시 뱀내장터로 27 (대야동),N,N,N,N,N
논현역사거리,서울특별시 강남구 강남대로 538 (논현동),N,N,N,N,N
혜화역,서울특별시 종로구 대학로12길 4 (동숭동)1~2층,N,N,N,N,N
충북증평,충청북도 증평군 증평읍 광장로 40,N,N,N,N,N
의정부신곡DT,경기도 의정부시 회룡로 269 (신곡동),N,N,N,N,N
광교역,경기도 수원시 영통구 대학로 47 (이의동),Y,N,N,N,N
여수해양공원,전라남도 여수시 이순신광장로 192 (종화동),Y,N,N,Y,N
양산증산역,경상남도 양산시 물금읍 증산역로 177,N,Y,N,N,N
동국대일산병원,경기도 고양시 일산동구 동국로 27 (식사동),N,N,N,Y,N
인천스퀘어원,인천광역시 연수구 청능대로 210 (동춘동),N,N,N,N,N
명일역,서울특별시 강동구 양재대로 1647 (명일동),N,N,N,N,N
광주신세계DT,광주광역시 서구 죽봉대로 33 (화정동),N,Y,N,N,N
강릉송정DT,강원특별자치도 강릉시 경강로 2400 (송정동),N,N,N,N,N
대한상공회의소R,서울특별시 중구 세종대로 39 (남대문로4가) 1층,N,N,N,N,N
광주상무DT,광주광역시 서구 상무대로 847 (쌍촌동),N,N,N,N,N
용인죽전,"경기도 용인시 수지구 용구대로 2750 (죽전동, 죽전 효성해링턴 플레이스)",N,N,N,N,N
용인김량장DT,경기도 용인시 처인구 백옥대로 1174 (김량장동),N,N,N,N,N
전북대병원DT,전북특별자치도 전주시 덕진구 백제대로 616 (금암동),N,N,N,N,N
대구들안길DT,대구광역시 수성구 들안로 85 (상동),N,N,N,Y,N
국립대구박물관DT,대구광역시 수성구 청호로 318 (황금동),Y,N,N,N,N
광주주월DT,광주광역시 남구 회재로 1256 (주월동),N,N,N,N,N
영등포역,서울특별시 영등포구 경인로 870 (영등포동1가),N,N,N,N,N
수원법조타운,경기도 수원시 영통구 광교중앙로248번길 7-2 (하동) A동 1층,N,N,N,Y,N
천안두정역DT,충청남도 천안시 서북구 두정로 264 (두정동),N,N,N,Y,N
양주송추DT,경기도 양주시 장흥면 호국로 528,N,N,N,Y,N
아산배방,충청남도 아산시 배방읍 배방로 22,N,N,Y,Y,N
스타필드위례1FR,경기도 하남시 위례대로 200 (학암동),N,N,N,N,N
평택대DT,경기도 평택시 서동대로 3847 (용이동),N,N,N,Y,N
파주야당DT,경기도 파주시 경의로 966 (야당동),N,N,N,N,N
발산역사거리,서울특별시 강서구 공항대로 248 (마곡동),N,N,N,N,N
대치재경빌딩,서울특별시 강남구 남부순환로 2947 (대치동),N,N,N,N,N
부산역라마다,부산광역시 동구 중앙대로196번길 10 (초량동),N,N,N,N,N
금정남산동DT,부산광역시 금정구 중앙대로 1989 (남산동),N,N,Y,N,N
용인보정DT,경기도 용인시 기흥구 용구대로2469번길 165 (보정동),N,N,N,N,N
제주일도DT,제주특별자치도 제주시 동광로 130 (일도이동),Y,N,N,Y,N
제주외도DT,제주특별자치도 제주시 일주서로 7300 (외도일동),N,N,N,N,N
명지강변DT,부산광역시 강서구 르노삼성대로 620 (명지동),Y,N,N,Y,N
경남사천DT,경상남도 사천시 사천읍 사천대로 1844,N,N,N,Y,N
불광역,서울특별시 은평구 통일로 715 (대조동),N,N,N,N,N
제주도남DT,제주특별자치도 제주시 연북로 394 (도남동),N,N,N,N,N
수원연무DT,경기도 수원시 장안구 창룡대로 171 (연무동),N,Y,N,Y,N
충남보령DT,충청남도 보령시 대해로 101 (궁촌동),N,N,N,N,N
기흥역AK R,"경기도 용인시 기흥구 기흥역로 63 (구갈동, 기흥역 힐스테이트)",N,N,N,N,N
인천강화DT,인천광역시 강화군 강화읍 강화대로 343,Y,N,N,N,N
마산회원DT,경상남도 창원시 마산회원구 3·15대로 518 (회원동),N,N,N,N,N
천안신부,충청남도 천안시 동남구 만남로 43 (신부동) 아라리오갤러리,N,N,Y,N,N
목포터미널DT,전라남도 목포시 영산로 495 (상동),N,N,N,N,N
제주삼화DT,제주특별자치도 제주시 연삼로 884 (도련일동),N,N,N,N,N
풍무역DT,경기도 김포시 김포대로 657 (풍무동),N,N,N,N,N
건국대,서울특별시 광진구 능동로 117 (화양동),N,N,Y,N,N
포항죽도DT,경상북도 포항시 북구 새천년대로 486 699-1 에스오일,N,N,Y,N,N
군산나운DT,전북특별자치도 군산시 하나운안2길 4 (나운동),N,N,N,N,N
광주월산DT,광주광역시 남구 대남대로 386 (월산동),N,N,N,Y,N
인천청라센트럴,"인천광역시 서구 청라커낼로 300 (청라동, 청라센트럴에일린의뜰)",N,N,N,Y,N
판교알파돔타워,경기도 성남시 분당구 판교역로 152 (백현동),N,N,N,N,N
풍무사거리DT,경기도 김포시 풍무로 137,N,N,N,N,N
관악서울대입구R,서울특별시 관악구 관악로 158 (봉천동),N,N,N,Y,N
평택안중DT,경기도 평택시 안중읍 서동대로 1459,N,N,Y,N,N
지행역,경기도 동두천시 지행로 55 (지행동),N,N,N,Y,N
김포석모DT,"경기도 김포시 양촌읍 김포한강4로301 1,2층",N,N,Y,N,N
더양평DT,경기도 양평군 양평읍 양근로 76,N,N,N,N,N
인천송도,"인천광역시 연수구 컨벤시아대로 55 (송도동, 송도이안)",N,N,N,N,N
북오산IC DT,경기도 오산시 문시로 109-2 (외삼미동),N,N,N,N,N
수원경수인계DT,경기도 수원시 팔달구 경수대로 499 (인계동),N,N,N,N,N
광주지산DT,광주광역시 동구 필문대로 240 (동명동),N,N,N,N,N
용인에버랜드,경기도 용인시 처인구 포곡읍 에버랜드로 199,N,N,N,Y,N
영종하늘도시,인천광역시 중구 하늘중앙로195번길 15 (중산동),N,N,Y,Y,N
계명대동산병원,대구광역시 달서구 달구벌대로 1035 (신당동),N,Y,N,N,N
광주효천DT,광주광역시 남구 임암길 232 (임암동),N,N,N,N,N
연합뉴스,서울특별시 종로구 율곡로2길 25 (수송동),N,N,N,Y,N
샛강역,서울특별시 영등포구 여의대방로 376 (여의도동),N,N,N,N,N
하남덕풍,경기도 하남시 덕풍동로 123 (덕풍동),N,N,N,N,N
대전터미널DT,대전광역시 동구 동서대로 1658 (성남동),N,N,N,N,N
대구앞산DT,대구광역시 남구 현충로 32 (대명동),N,Y,Y,N,N
대구영대병원역DT,대구광역시 남구 봉덕로 25 (봉덕동),N,N,N,N,N
월계트레이더스,서울특별시 노원구 마들로3길 17 (월계동),N,Y,N,N,N
아산방축DT,충청남도 아산시 온천대로 1392 (방축동),N,N,N,N,N
충주호암DT,충청북도 충주시 중원대로 3245 (호암동),N,N,N,N,N
화정호국로,경기도 고양시 덕양구 화수로14번길 72 (화정동),N,N,N,N,N
상암YTN,서울특별시 마포구 상암산로 76 (상암동),N,N,N,Y,N
화명강변DT,부산광역시 북구 금곡대로77 (덕천동),N,N,N,Y,N
제물포역DT,인천광역시 미추홀구 경인로 103 (숭의동),N,N,N,Y,N
남양주삼패,경기도 남양주시 경강로 384 (삼패동)1-2층 옥탑,N,N,N,N,N
강릉강문해변,강원특별자치도 강릉시 창해로350번길 3 (강문동),N,N,N,N,N
광주선운DT,광주광역시 광산구 선운로 20번길 63,N,N,N,N,N
남양주화도DT,경기도 남양주시 화도읍 수레로 1137 1~2층,N,N,N,N,N
기장역DT,부산광역시 기장군 기장읍 기장대로 527,N,N,N,N,N
경희궁로,서울특별시 종로구 새문안로3길 15 (당주동),N,Y,N,N,N
평택비전,경기도 평택시 비전5로 20-24 (비전동),N,N,N,Y,N
역삼아레나빌딩,서울특별시 강남구 언주로 425 (역삼동),N,N,N,N,N
경기광주쌍령DT,경기도 광주시 경충대로 1445 (쌍령동),N,N,N,N,N
철산역,경기도 광명시 철산로 15 (철산동),N,N,N,N,N
남한산성입구역,경기도 성남시 중원구 산성대로426번길 2 (금광동),N,N,N,N,N
나주혁신DT,전라남도 나주시 빛가람로 838 (빛가람동),N,N,N,N,N
여수학동DT,전라남도 여수시 도원로 271 (학동),N,N,N,N,N
서면중앙대로R,부산광역시 부산진구 중앙대로 672 (부전동) 1층 2층,N,N,N,N,N
경기광주송정DT,경기도 광주시 경안천로 118 (송정동),N,N,N,N,N
경산임당역DT,경상북도 경산시 대학로 208 (계양동),N,N,Y,N,N
울산신정DT,울산광역시 남구 문수로 435 (신정동),N,Y,N,N,N
미사역효성,경기도 하남시 아리수로 570 (망월동),N,N,N,N,N
밀양DT,경상남도 밀양시 밀양대로 1792 (삼문동),N,Y,N,Y,N
화성봉담DT,경기도 화성시 효행로 219 (기안동),N,N,N,N,N
창원상남로,경상남도 창원시 성산구 상남로 88 (상남동),N,N,N,N,N
송파마천사거리DT,서울특별시 송파구 거마로 78 (마천동),Y,N,N,N,N
부산광복로,부산광역시 중구 광복중앙로 8-2 (광복동3가),N,N,N,N,N
가재울뉴타운,"서울특별시 서대문구 가재울미래로 2 (남가좌동, DMC파크뷰자이2단지별동상가1층)",N,N,N,N,N
양주고읍DT,경기도 양주시 고덕로351 (고읍동),Y,Y,N,N,N
춘의역DT,경기도 부천시 원미구 길주로 386 (춘의동),N,N,N,N,N
양주옥정타운,경기도 양주시 회천남로 76 (옥정동),N,N,N,N,N
남성역,서울특별시 동작구 사당로 219 (사당동),N,N,N,Y,N
청주비하DT,충청북도 청주시 흥덕구 2순환로 1078 (비하동),N,Y,N,N,N
울산번영로,울산광역시 남구 삼산로 182 (달동),N,N,N,N,N
울산호계DT,울산광역시 북구 산업로 1464 (신천동),N,N,N,N,N
평촌역DT,경기도 안양시 동안구 시민대로 373 (관양동),N,N,N,N,N
수원세류DT,경기도 수원시 권선구 권선로544번길 1 (세류동),N,N,N,N,N
용인언남,경기도 용인시 기흥구 구성로 120 (언남동),N,Y,Y,N,N
낙성대역,서울특별시 관악구 남부순환로 1908 (봉천동),N,N,N,Y,N
창동이마트,서울특별시 도봉구 노해로65길 4 (창동),N,N,N,N,N
대전반석역,대전광역시 유성구 북유성대로 303 (반석동),N,N,N,N,N
화성시청,경기도 화성시 남양읍 시청로 113,N,N,Y,N,N
거제대로DT,경상남도 거제시 거제대로 4521 (수월동),N,N,Y,N,N
상도역,서울특별시 동작구 상도로37길 1 (상도1동),N,N,N,N,N
야탑역사거리,경기도 성남시 분당구 야탑로 102 (야탑동),N,N,N,N,N
의왕청계DT,경기도 의왕시 안양판교로 246 (청계동),N,N,N,N,N
화성반월DT,경기도 화성시 효행로 1241 (반월동),N,N,N,Y,N
천안서북이마트,충청남도 천안시 서북구 삼성대로 20 (백석동),N,N,N,N,N
중화역,서울특별시 중랑구 봉화산로 35 1층,N,N,N,N,N
오산수청DT,경기도 오산시 경기대로 445 (수청동),N,N,N,N,N
제주서해안로DT,제주특별자치도 제주시 서해안로 624 (용담삼동),N,N,N,Y,N
서강대프라자,서울특별시 마포구 백범로 35 (신수동),N,N,N,N,N
굽은다리역,"서울특별시 강동구 양재대로 1568 (명일동, 원일타워)",N,N,N,N,N
미아이마트,서울특별시 성북구 도봉로 17 (길음동),N,N,N,N,N
광주동명,광주광역시 동구 동명로 16 (동명동),N,Y,N,N,N
동대문두타,서울특별시 중구 장충단로 275 (을지로6가),N,N,N,N,N
부산송도해수욕장,"부산광역시 서구 송도해변로 97(101,102,201) (암남동)",Y,N,N,N,N
판교유스페이스,경기도 성남시 분당구 대왕판교로 660 (삼평동),N,N,N,N,N
타임스퀘어R,서울특별시 영등포구 영중로 15 지하 1층 (영등포동4가),N,N,N,Y,N
파주P.아울렛B1,경기도 파주시 탄현면 필승로 200,N,N,N,N,N
시흥목감DT,경기도 시흥시 동서로 950 (조남동),N,N,N,N,N
방배로,서울특별시 서초구 방배로 52 (방배동),N,N,N,N,N
광주지원DT,광주광역시 동구 남문로 529 (용산동),N,N,N,N,N
노량진동,"서울특별시 동작구 노량진로 190 (노량진동, 고려교육타워-어바니엘한강) 101호~105호",N,N,N,N,N
부산역아스티,부산광역시 동구 중앙대로214번길 7-8 (초량동),N,N,N,N,N
목동파리공원,서울특별시 양천구 목동동로 377 (목동),N,Y,N,N,N
원흥역,경기도 고양시 덕양구 원흥5로 25 (원흥동),N,N,N,N,N
언주역,서울특별시 강남구 봉은사로 222 (역삼동),N,N,N,Y,N
을지로4가역,서울특별시 중구 을지로 170 (을지로4가),N,N,N,N,N
파주문산DT,경기도 파주시 파주읍 통일로 1555 (봉서리),N,N,N,N,N
고양원흥DT,경기도 고양시 덕양구 서오릉로663번길 8 (원흥동),N,N,N,N,N
호계지식산업센터,경기도 안양시 동안구 엘에스로 122 (호계동) 118~123호,N,N,N,N,N
인천계산역DT,인천광역시 계양구 경명대로 1105 (계산동),N,N,N,N,N
배곧아브뉴프랑,경기도 시흥시 서울대학로278번길 34 (정왕동),N,N,N,N,N
인천청라한신,인천광역시 서구 청라커낼로260번길 27 (청라동),N,N,N,N,N
김포아이앤씨,경기도 김포시 태장로 779 (장기동),N,N,N,N,N
제주협재,제주특별자치도 제주시 한림읍 한림로 337,N,N,N,Y,N
스타필드부천,경기도 부천시 소사구 옥길로 1 (옥길동),N,N,N,N,N
안양역R,경기도 안양시 만안구 만안로 232 (안양동) 안양민자역사 1층 001호,N,N,N,N,N
천안백석,충청남도 천안시 서북구 백석로 85-4 (백석동),N,N,N,N,N
평택죽백DT,경기도 평택시 만세로 1707 (죽백동),N,N,N,N,N
일산탄현동,경기도 고양시 일산서구 일현로 91 (탄현동),N,N,N,N,N
광주연제DT,광주광역시 북구 양일로18번길 2 (연제동),N,N,N,N,N
효창공원앞역,"서울특별시 용산구 백범로 313 (효창동, 용산 롯데캐슬 센터포레)",N,N,N,N,N
금호역,서울특별시 성동구 동호로 99 (금호동4가),N,N,N,N,N
소노캄고양,경기도 고양시 일산동구 태극로 18 (장항동),N,N,N,N,N
화성봉담,경기도 화성시 봉담읍 동화길 51,N,N,N,N,N
용인마평DT,경기도 용인시 처인구 금령로 188 (마평동),N,N,N,N,N
분당궁내DT,경기도 성남시 분당구 대왕판교로 302 (궁내동),N,N,N,Y,N
세종보람,"세종특별자치시 한누리대로 2165 (보람동) A118,119,120,121,128,129,130,131",N,N,Y,N,N
곤지암IC DT,경기도 광주시 곤지암읍 경충대로 765 경충대로 765,N,N,N,N,N
수원금곡,경기도 수원시 권선구 금곡로 219 (금곡동),N,N,Y,N,N
김해진영DT,경상남도 김해시 진영읍 여래로20번길 34-26,N,Y,N,N,N
길음역,서울특별시 성북구 정릉로 376 (돈암동),N,N,N,N,N
마곡나루공원,서울특별시 강서구 마곡중앙5로 47 (마곡동),N,N,N,N,N
스타필드명지,부산광역시 강서구 명지국제6로 168 스타필드 명지 1층,N,N,N,N,N
서울숲역,서울특별시 성동구 왕십리로 50 (성수동1가) 1층,N,N,N,N,N
경기광주초월역DT,경기도 광주시 초월읍 경충대로 1084,N,N,N,N,N
여수신월DT,전라남도 여수시 신월로 567 (신월동),N,N,N,N,N
전남도청DT,전라남도 무안군 삼향읍 남악3로 54,N,N,N,N,N
안동병원,경상북도 안동시 앙실로 11 (수상동),N,N,N,N,N
광주오치,광주광역시 북구 설죽로 314 (오치동),N,N,N,N,N
신사역성일빌딩,서울특별시 강남구 강남대로 584 (논현동),N,N,N,N,N
부산교대역DT,부산광역시 연제구 중앙대로 1250 (거제동),N,N,N,N,N
강북삼성병원,서울특별시 종로구 새문안로 29 (평동) C관 5층,N,N,N,N,N
논산내동DT,충청남도 논산시 시민로 165 (내동),N,N,Y,N,N
춘천퇴계DT,강원특별자치도 춘천시 안마산로 95 (퇴계동),N,N,N,N,N
전주인후DT,전북특별자치도 전주시 덕진구 아중로 135 (인후동1가),N,N,N,N,N
도농역,경기도 남양주시 미금로 239 (다산동),N,N,N,N,N
다산지금,경기도 남양주시 다산지금로 139 (다산동),N,N,N,Y,N
의정부장암DT,경기도 의정부시 동일로 114 (장암동),N,Y,Y,N,N
월계역,"서울특별시 노원구 초안산로2라길26 월계동(104,105,106호)",N,N,N,N,N
김해율하신도시,경상남도 김해시 율하3로 32 (율하동),N,N,N,N,N
한국민속촌DT,경기도 용인시 기흥구 사은로 110 (보라동),N,Y,N,N,N
신월동DT,서울특별시 양천구 남부순환로 319 (신월동),N,Y,N,N,N
군산수송DT,전북특별자치도 군산시 공단대로 243 (수송동),N,N,N,N,N
순천용당DT,전라남도 순천시 중앙로 398 (가곡동),N,N,N,N,N
인천주안DT,인천광역시 미추홀구 인주대로 443 (주안동),Y,N,N,N,N
부천옥길,경기도 부천시 소사구 옥길로 118 (옥길동),N,N,N,N,N
안성계동DT,경기도 안성시 안성맞춤대로 805 (계동),N,N,N,N,N
부천상동역,경기도 부천시 원미구 길주로 105 (상동),N,N,N,N,N
삼송역,경기도 고양시 덕양구 동송로 70 (삼송동),N,N,N,N,N
광주비아DT,광주광역시 광산구 첨단과기로 81 (비아동),N,N,N,N,N
신흥역,경기도 성남시 수정구 산성대로 267 (신흥동),N,Y,N,N,N
고양행신,경기도 고양시 덕양구 충장로 126 (행신동),Y,Y,N,Y,N
마곡역,서울특별시 강서구 공항대로 168 (마곡동),N,N,N,Y,N
문촌사거리,경기도 고양시 일산서구 중앙로 1470 (주엽동),N,N,Y,N,N
오산세교,경기도 오산시 수청로 193 (금암동),N,N,N,N,N
안동이마트,경상북도 안동시 옥동1길 2 (옥동),N,N,N,Y,N
청주이마트,충청북도 청주시 서원구 청남로 1853 (미평동),N,Y,N,N,N
시흥대야동,경기도 시흥시 비둘기공원7길 51 (대야동),N,N,N,N,N
송파헬리오시티,"서울특별시 송파구 송파대로 345 (가락동, 헬리오시티)",N,N,N,Y,N
대구각산역DT,대구광역시 동구 안심로 383,N,N,N,N,N
거제옥포DT,경상남도 거제시 거제대로 3718 (옥포동),N,N,N,N,N
주엽강선,"경기도 고양시 일산서구 중앙로 1371 (주엽동, 강선마을13단지아파트)",N,N,N,N,N
용산리첸시아,"서울특별시 용산구 백범로 341 (원효로1가, 리첸시아 용산)",N,N,Y,Y,N
영등포구청역,서울특별시 영등포구 국회대로 558,N,N,N,N,N
압구정윤성빌딩,서울특별시 강남구 논현로 834 (신사동),N,N,N,N,N
하남황산사거리,경기도 하남시 조정대로 65 (풍산동),N,Y,N,N,N
광교갤러리아9F,경기도 수원시 영통구 광교호수공원로 320 (하동),N,N,N,N,N
코엑스별마당,서울특별시 강남구 영동대로 513 (삼성동),N,Y,N,N,N
동백이마트,경기도 용인시 기흥구 동백죽전대로 444 (중동),N,N,N,Y,N
일산동구청,경기도 고양시 일산동구 정발산로 38 (장항동),Y,N,N,N,N
금천구청역,"서울특별시 금천구 시흥대로73길 67 (시흥동), 엠메디컬타워 1층",N,N,N,N,N
용인세브란스병원,경기도 용인시 기흥구 동백죽전대로 363 (중동),N,N,N,N,N
다산진건,경기도 남양주시 다산중앙로123번길 22-26 (다산동) 123호~128호,N,N,N,N,N
부산만덕DT,부산광역시 북구 만덕대로 323 (만덕동),N,N,N,N,N
마산월남동DT,경상남도 창원시 마산합포구 3·15대로 70 (월남동2가),N,N,N,N,N
구로NC,서울특별시 구로구 구로중앙로 152 (구로동) 구로NC,N,N,N,Y,N
동숭길입구,서울특별시 종로구 대학로 146 (혜화동),N,N,Y,N,N
인천용일사거리DT,인천광역시 미추홀구 한나루로 525 (주안동),N,N,N,N,N
대구율하,대구광역시 동구 안심로16길 47 (율하동),N,Y,N,N,N
동광주DT,광주광역시 북구 동문대로 148 (두암동),N,N,N,N,N
전주신시가지,전북특별자치도 전주시 완산구 우전로 255 (효자동2가),Y,Y,N,Y,N
시흥은계,경기도 시흥시 은계번영길 9 (은행동),N,Y,N,N,N
봉은사역,서울특별시 강남구 봉은사로 619 (삼성동),N,N,N,N,N
안동강변DT,경상북도 안동시 육사로 327 (법흥동),N,N,N,N,N
신탄진금강DT,대전광역시 대덕구 신탄진로 866 (신탄진동),N,N,N,N,N
평택세교DT,경기도 평택시 경기대로 625 (세교동),N,N,N,Y,N
안양범계,경기도 안양시 동안구 시민대로 206 (호계동),Y,Y,N,Y,N
북가좌DT,서울특별시 서대문구 응암로 85 (북가좌동),N,N,N,N,N
서울역서부,서울특별시 용산구 만리재로 202 (서계동),N,N,N,Y,N
용인고매동,경기도 용인시 기흥구 신고매로 59 (고매동) 리빙파워센터 지하1층,Y,N,N,Y,N
명학역,"경기도 안양시 만안구 안양로 96 128,129,130,132,133,134,135,136호",Y,N,N,N,N
서면문화로,부산광역시 부산진구 서면문화로 10 (부전동),N,N,N,N,N
의정부민락타운,경기도 의정부시 오목로 196 (민락동),N,N,N,Y,N
대전구암DT,대전광역시 유성구 월드컵대로289번길 6 (구암동),N,N,Y,N,N
천호사거리,서울특별시 강동구 올림픽로 651 (천호동),N,N,N,Y,N
해운대중동역,부산광역시 해운대구 좌동순환로 6 (중동),N,N,N,N,N
몽촌토성역,서울특별시 송파구 위례성대로 6 (방이동),N,N,N,N,N
현대킨텍스,경기도 고양시 일산서구 호수로 817 (대화동),N,N,N,N,N
대전용문DT,대전광역시 서구 도산로 336 (용문동),N,N,N,N,N
인천청라DT,인천광역시 서구 국제대로 237 (청라동),N,N,N,N,N
김포구래DT,경기도 김포시 양촌읍 봉수대로 1871,N,N,Y,Y,N
송산그린시티,경기도 화성시 수노을중앙로 136 (새솔동),N,N,N,N,N
목동트라팰리스,서울특별시 양천구 오목로 299 (목동),N,N,N,N,N
송도현대아울렛,인천광역시 연수구 송도국제대로 123 (송도동),N,N,N,N,N
창원유니시티,경상남도 창원시 의창구 중동중앙로 47 (중동),N,N,N,Y,N
묵동,"서울특별시 중랑구 동일로 952 (묵동, 로프트원 태릉입구역) 1층",N,N,N,N,N
명동남산,서울특별시 중구 퇴계로 132 (남산동3가),N,N,N,N,N
오산원동DT,경기도 오산시 경기대로 218 (원동),N,N,N,Y,N
간석중앙공원DT,인천광역시 남동구 경인로 563 (간석동),N,N,N,N,N
대전현대아울렛,대전광역시 유성구 테크노중앙로 123 (용산동),N,N,N,N,N
송도컨벤시아대로DT,인천광역시 연수구 벤처로 10 (송도동),N,N,N,N,N
남가좌사거리,"서울특별시 서대문구 거북골로 84 (남가좌동, DMC에코자이104동)",N,N,N,N,N
서이초교사거리,서울특별시 서초구 사임당로 143 (서초동),N,N,N,N,N
전주효천DT,전북특별자치도 전주시 완산구 천잠로 149 (효자동2가),N,N,N,N,N
서면엠디엠타워,부산광역시 부산진구 중앙대로 639 (범천동),N,N,N,Y,N
태릉입구역DT,서울특별시 노원구 화랑로 469 (공릉동),N,N,N,N,N
대구228중앙공원,대구광역시 중구 동성로2길 95 (동성로2가),N,N,N,N,N
자양이마트,서울특별시 광진구 아차산로 272 (자양동) 지하1층,N,N,N,N,N
천호대로길동,서울특별시 강동구 천호대로 1131 거산 유팰리스,N,N,N,N,N
김해금관대로DT,경상남도 김해시 금관대로 1293 (내동),N,N,N,N,N
춘천온의,강원특별자치도 춘천시 방송길 104 (온의동),N,N,N,N,N
구리토평DT,경기도 구리시 벌말로 88 (토평동),N,N,N,N,N
부천중동센트럴,"경기도 부천시 원미구 소향로 181 (중동, 센트럴파크 푸르지오)",N,N,N,Y,N
진주혁신도시,경상남도 진주시 에나로127번길 30 (충무공동),N,N,N,N,N
사상엄궁DT,부산광역시 사상구 낙동대로 744 (엄궁동),N,N,N,N,N
서울웨이브아트센터,서울특별시 서초구 잠원로 145-35 (잠원동),N,N,N,N,N
동탄호수공원,경기도 화성시 동탄대로 181 (송동),N,N,N,Y,N
구미확장단지,경상북도 구미시 산동읍 신당1로4길 19,N,N,N,N,N
성수낙낙,서울특별시 성동구 광나루로8길 31 (성수동2가) 성수낙낙 1층 101~107호,N,N,N,N,N
파주운정이마트,경기도 파주시 한울로 123 (동패동),N,Y,N,N,N
해운대좌동,부산광역시 해운대구 좌동순환로 178 (좌동),N,N,N,N,N
화성안녕DT,경기도 화성시 효행로 751 (안녕동),N,N,Y,N,N
수원세류역DT,경기도 수원시 권선구 경수대로 185 (세류동),N,N,N,Y,N
전주IC DT,전북특별자치도 전주시 덕진구 기린대로 1022 (여의동),N,N,N,N,N
울산국가정원,울산광역시 중구 태화강국가정원길 205 (태화동),N,N,N,N,N
대치삼성,서울특별시 강남구 영동대로 237 (대치동),N,N,N,N,N
무교로,서울특별시 중구 무교로 15 (무교동),N,N,N,Y,N
당산역사거리,서울특별시 영등포구 양평로 47 (당산동5가),N,N,Y,Y,N
충북혁신도시,충청북도 음성군 맹동면 원중로 1416,N,N,N,Y,N
송파거여역,서울특별시 송파구 오금로 493 (거여동),N,N,N,N,N
범일동일타워,부산광역시 동구 조방로 14 (범일동),N,N,N,N,N
다산DT,경기도 남양주시 다산중앙로 19번길5 (다산동),N,N,N,Y,N
선유도역 1번출구,서울특별시 영등포구 양평로 128 (양평동5가)양평로 128,N,N,N,N,N
세종소담,"세종특별자치시 소담3로 8 (소담동) 1동  12호,13호,14호,15호,15A호,16호",N,N,Y,N,N
안양덕현DT,경기도 안양시 동안구 흥안대로 139 (호계동),N,N,N,N,N
그랜드센트럴,서울특별시 중구 세종대로 14 (남대문로5가),N,N,N,N,N
고양향동,경기도 고양시 덕양구 꽃마을로 4 (향동동),N,N,N,N,N
코엑스아셈타워,서울특별시 강남구 영동대로 517 (삼성동),N,N,N,N,N
서광주DT,광주광역시 서구 서광주로 23 (매월동),N,N,N,Y,N
인하대역,인천광역시 미추홀구 독배로 309 (용현동),N,N,N,N,N
가양역사거리,"서울특별시 강서구 화곡로 416 (등촌동) 가양더스카이벨리5차 지식산업센터 101, 102, 114,~117호",N,N,N,N,N
신중동,경기도 부천시 원미구 신흥로 187 (중동),Y,N,Y,N,N
그랜드조선 부산,부산광역시 해운대구 해운대해변로 292 (중동),N,N,N,N,N
서울대치과병원,서울특별시 종로구 대학로 101 서울대학교 치과병원 신관1층,N,N,N,N,N
평택청북DT,경기도 평택시 청북읍 안청로2길 86,N,N,N,N,N
대전용전DT,대전광역시 동구 한밭대로 1239 (용전동),N,N,N,N,N
청주분평DT,충청북도 청주시 서원구 1순환로 1154 (분평동),N,N,N,Y,N
테헤란로아남타워,서울특별시 강남구 테헤란로 311 (역삼동),N,N,N,Y,N
인천도화DT,인천광역시 미추홀구 장고개로 28 (도화동),N,N,N,N,N
해운대 엑스더스카이,부산광역시 해운대구 달맞이길30,N,N,N,N,N
스타필드안성R,경기도 안성시 공도읍 서동대로 3930-39,N,N,N,N,N
구로고척,서울특별시 구로구 경인로 387 (고척동),N,N,N,Y,N
서동탄DT,경기도 오산시 외삼미로 162-48 (외삼미동),N,N,N,N,N
산본역서부사거리,경기도 군포시 번영로 485 (산본동) 롯데피트인 산본 1층 일부,N,N,N,Y,N
제주공항DT,제주특별자치도 제주시 월성로 42 (용담이동),N,Y,N,N,N
대전갈마DT,대전광역시 서구 계룡로 384 (갈마동),N,Y,N,N,N
천안업성레이크,충청남도 천안시 서북구 업성수변로 69 (성성동),N,N,N,N,N
구미광평DT,경상북도 구미시 구미대로 188 (광평동),N,N,N,N,N
화성향남2지구,"경기도 화성시 향남읍 발안양감로 187 발안양감로 187 센트럴프라자1동 108호,204호",N,N,N,N,N
용산해링턴스퀘어,서울특별시 용산구 서빙고로 17 (한강로3가),N,N,N,N,N
상일동역,"서울특별시 강동구 고덕로 399 (고덕동, 고덕센트럴푸르지오)",N,N,N,Y,N
등촌대로,"서울특별시 강서구 공항대로 543 (염창동, 센터스퀘어)",N,N,N,N,N
동탄디엠시티,"경기도 화성시 동탄대로 636-14 (영천동, 동탄역 대방디엠시티 더 센텀)",N,N,N,N,N
의정부이마트,경기도 의정부시 민락로 210 (민락동),N,Y,N,Y,N
수지성복역,경기도 용인시 수지구 성복2로 37 (성복동),N,N,N,N,N
포항포스코DT,경상북도 포항시 남구 동해안로6213번길 15-15 (동촌동),N,N,N,N,N
홍대역8번출구,서울특별시 마포구 양화로 166 (동교동),N,Y,N,N,N
강서구청사거리,서울특별시 강서구 화곡로 350 (화곡동),N,N,N,N,N
의왕내손,경기도 의왕시 내손중앙로 4 (내손동)  벨포레스퀘어 G111~116호,N,N,N,N,N
공주DT,충청남도 공주시 무령로 467 (신관동),N,N,N,Y,N
청주복대지웰,충청북도 청주시 흥덕구 대농로 52 (복대동),N,N,N,N,N
인천공촌DT,인천광역시 서구 경명대로694번길 2 (공촌동),N,N,N,N,N
대구반월삼성,대구광역시 중구 달구벌대로 2095 (덕산동),N,N,N,N,N
대구월드컵대로DT,대구광역시 수성구 유니버시아드로 330 (욱수동),N,N,N,Y,N
대구만촌이마트,대구광역시 수성구 동원로 136 (만촌동),N,N,N,N,N
분당서현역AK R,경기도 성남시 분당구 황새울로360번길 42 (서현동),N,N,N,N,N
세종아름,"세종특별자치시 아름서1길 13-9 (아름동) 103,104,105,202,203호",N,N,N,Y,N
수원탑동DT,경기도 수원시 권선구 서부로 1775 (탑동),N,N,N,N,N
구미문성DT,경상북도 구미시 고아읍 들성로 207,N,N,N,N,N
성남모란DT,경기도 성남시 중원구 둔촌대로 131 (성남동),N,N,Y,N,N
대치한티,서울특별시 강남구 선릉로 324 (대치동),N,Y,N,N,N
송도캐슬파크,인천광역시 연수구 인천타워대로132번길 9 (송도동),N,N,N,N,N
해운대NC,부산광역시 해운대구 해운대로 813 (좌동),N,Y,N,N,N
전남화순DT,전라남도 화순군 화순읍 서양로 478,N,N,N,N,N
경주용강DT,경상북도 경주시 산업로 4350 (용강동),N,N,N,N,N
김해가야로DT,경상남도 김해시 가야로 450 (동상동),N,N,N,N,N
진관DT,서울특별시 은평구 연서로 645 (진관동),N,Y,N,N,N
현대신촌,서울특별시 서대문구 신촌로 83 (창천동),N,N,N,N,N
도산사거리,서울특별시 강남구 언주로 727 (논현동),N,N,N,N,N
남이섬,경기도 가평군 가평읍 북한강변로 1054 북한강변로 1054,N,N,N,N,N
더현대서울(B2)R,서울특별시 영등포구 여의대로 108 (여의도동),N,N,N,N,N
대구복현DT,대구광역시 북구 대학로 150 (복현동),N,N,N,N,N
금정구서,부산광역시 금정구 금강로 441 (구서동),N,N,N,N,N
익산동산DT,전북특별자치도 익산시 평동로 722 (동산동),N,N,N,N,N
원주단구DT,강원특별자치도 원주시 서원대로 443 (단구동),N,N,N,N,N
영도대교,부산광역시 영도구 태종로 39 (대교동1가),N,N,N,N,N
화성남양DT,경기도 화성시 남양읍 시청로32번길 6,N,N,N,N,N
용인흥덕DT,경기도 용인시 기흥구 흥덕1로 85 (영덕동),N,N,N,N,N
여의도원센티널,서울특별시 영등포구 여의대로 70 (여의도동),N,N,N,N,N
평택이충DT,경기도 평택시 청원로 1388 (이충동),N,Y,N,N,N
군자사거리,서울특별시 광진구 천호대로 549 (중곡동) 1층,N,N,N,N,N
더북한강R,경기도 남양주시 화도읍 북한강로 1098,N,Y,N,N,N
김포통진DT,경기도 김포시 통진읍 김포대로 2026,N,N,N,Y,N
속초교동DT,강원특별자치도 속초시 청대로 339 (교동),N,N,N,N,N
파주산내,경기도 파주시 청암로17번길 29 (목동동),N,N,N,N,N
부천원종DT,경기도 부천시 오정구 소사로 826 (원종동),N,N,N,N,N
명지퍼스트월드,"부산광역시 강서구 명지국제7로 37 (명지동, 더샵 명지퍼스트월드 2단지)",N,N,N,N,N
영등포시장교차로,서울특별시 영등포구 영중로 45 (영등포동6가),N,Y,N,N,N
수원종합운동장,경기도 수원시 장안구 송원로 71 (송죽동),N,N,N,N,N
양주회정DT,경기도 양주시 평화로 1687 (회정동),N,N,N,N,N
강릉율곡DT,강원특별자치도 강릉시 율곡로 2996 (교동),N,Y,N,N,N
여수마리나,전라남도 여수시 웅천로 134 (웅천동),N,N,N,Y,N
구리인창DT,경기도 구리시 건원대로 53 (인창동),N,N,N,N,N
남양주묵현DT,경기도 남양주시 화도읍 비룡로 122,N,Y,N,N,N
연산트레이더스,부산광역시 연제구 좌수영로 241 연산동,N,N,N,N,N
수원나혜석거리,경기도 수원시 팔달구 권광로188번길 17 (인계동),N,N,N,N,N
울산대학교병원,울산광역시 동구 대학병원로 30 (서부동),N,N,N,N,N
부산대연못골,부산광역시 남구 못골로 87 (대연동),N,N,N,N,N
창원파티마병원,경상남도 창원시 의창구 창이대로 45 (명서동),N,N,N,N,N
전주호성DT,전북특별자치도 전주시 덕진구 동부대로 860 (호성동1가),N,N,N,N,N
동탄목동,경기도 화성시 동탄순환대로20길 124 (목동),N,N,N,Y,N
상주무양DT,경상북도 상주시 영남제일로 1683 (무양동),N,N,N,N,N
광명롯데몰,경기도 광명시 일직로 17 (일직동) 롯데아울렛 1층,N,N,N,Y,N
안성서동대로DT,경기도 안성시 공도읍 서동대로 4314 서동대로 4314,N,N,N,N,N
서대문역,서울특별시 종로구 통일로 134 (평동),N,N,N,N,N
하남풍산역,경기도 하남시 덕풍서로 80 (덕풍동) 빌리브하남 101~106호,N,Y,N,Y,N
남부순환로방배DT,서울특별시 서초구 남부순환로 2230 (방배동),N,N,N,N,N
군산조촌DT,전북특별자치도 군산시 번영로 133 (조촌동),N,N,N,N,N
판교아이스퀘어,경기도 성남시 수정구 창업로 18(시흥동),N,N,N,N,N
사하장림DT,부산광역시 사하구 을숙도대로 682 (장림동),N,N,N,N,N
송파NC,서울특별시 송파구 충민로 66 (문정동)  가든파이브라이프 패션관1층,N,N,N,N,N
청량리역사,서울특별시 동대문구 왕산로 214 (전농동) 청량리역사 CONNECT PLACE6층,N,N,N,N,N
강남세곡,서울특별시 강남구 헌릉로569길 18 (세곡동),N,N,N,N,N
서울역사,서울특별시 용산구 한강대로 405 (동자동) 신-101호,N,N,N,Y,N
내발산,"서울특별시 강서구 강서로 323 (내발산동), 101/102호",N,N,N,N,N
목동10단지,"서울특별시 양천구 목동서로 401 (신정동, 대림아크로빌), 상가A동 101,101-1호",N,N,N,Y,N
김해주촌DT,경상남도 김해시 주촌면 선천로 99,N,N,N,N,N
포항세명기독병원,경상북도 포항시 남구 포스코대로 351 (대도동),N,N,N,N,N
경산하양DT,경상북도 경산시 진량읍 대학로 1417,N,N,N,N,N
포천호국로DT,경기도 포천시 소흘읍 호국로 246,N,N,N,N,N
안양이마트,경기도 안양시 동안구 관악대로 104 (비산동),N,N,N,N,N
창원중앙역,경상남도 창원시 의창구 용동로 91 (사림동),N,Y,N,N,N
별다방,서울특별시 중구 퇴계로 100 (회현동2가),N,N,N,N,N
장위뉴타운,서울특별시 성북구 장월로38길 4 (장위동),Y,N,N,Y,N
더북한산,서울특별시 은평구 대서문길 24-11 (진관동),N,N,N,N,N
쌍문도봉로,서울특별시 도봉구 도봉로 444 (창동),N,N,N,N,N
대구팔공로DT,대구광역시 동구 팔공로 332 (봉무동),N,N,N,Y,N
구리장자호수,경기도 구리시 장자대로 84 (수택동),N,N,N,Y,N
대구대학교,경상북도 경산시 진량읍 대구대로 201,N,N,N,N,N
종로플레이스,서울특별시 종로구 창경궁로 120 (인의동),N,N,N,Y,N
정동,서울특별시 종로구 새문안로 42 (신문로2가),N,N,N,N,N
고양대로DT,경기도 고양시 일산동구 고양대로 910 (풍동),N,N,N,N,N
용인하갈DT,경기도 용인시 기흥구 덕영대로 1800 (하갈동),N,N,N,N,N
화성향남DT,경기도 화성시 향남읍 삼천병마로 213,N,N,N,N,N
양주옥정공원,경기도 양주시 옥정동로7길 30 (옥정동),N,Y,N,Y,N
동부산테마파크,부산광역시 기장군 기장읍 동부산관광로 34,N,N,N,N,N
삼성동,서울특별시 강남구 영동대로96길 12 (삼성동),N,N,N,Y,N
수원정자사거리DT,경기도 수원시 장안구 수성로 291 (정자동),N,N,N,Y,N
부산구남역DT,부산광역시 북구 백양대로 1040 (구포동),N,N,N,N,N
부천옥길DT,경기도 부천시 소사구 양지로 119 (옥길동),N,N,Y,N,N
올림픽공원북2문,서울특별시 강동구 강동대로 199 (성내동),N,Y,N,N,N
전주에코시티,전북특별자치도 전주시 덕진구 세병2길 10 (송천동2가),N,N,N,N,N
광주충장DT,광주광역시 동구 천변우로 421 (불로동),N,N,N,N,N
대구칠성이마트,대구광역시 북구 침산로 93 (칠성동2가),N,N,N,N,N
창원내서,경상남도 창원시 마산회원구 내서읍 광려천서로 81,N,N,N,Y,N
광명AK,"경기도 광명시 양지로 17 (일직동), 1층 일부",N,N,N,N,N
부천상동DT,경기도 부천시 원미구 평천로 611 (상동),N,N,N,N,N
안산삼성,"경기도 안산시 상록구 광덕1로 342 (이동), 1층 일부",N,N,N,N,N
충주교현DT,충청북도 충주시 금봉대로 358 (교현동),N,N,N,N,N
동탄역롯데R,경기도 화성시 동탄역로 160 롯데백화점 동탄점,N,N,N,N,N
제주평화로DT,제주특별자치도 제주시 노형로 37 (해안동),N,N,N,Y,N
용인역북,경기도 용인시 처인구 명지로 41 (역북동),N,N,N,N,N
강서NC,서울특별시 강서구 강서로56길 17 (등촌동),N,N,N,N,N
SSG랜더스필드2F,인천광역시 미추홀구 매소홀로 618 (문학동),N,N,N,N,N
대구두산DT,대구광역시 수성구 지범로 37 (두산동),N,N,N,N,N
광릉수목원,경기도 포천시 소흘읍 죽엽산로 655,N,N,N,N,N
마산봉암로DT,경상남도 창원시 마산회원구 봉양로 118 (봉암동),N,N,Y,N,N
세종충남대학교병원,세종특별자치시 보듬7로 20 (도담동) 헬스케어센터 1층,N,N,N,Y,N
센텀몰1F,부산광역시 해운대구 센텀4로 15 (우동),N,N,N,N,N
센텀신세계3F,부산광역시 해운대구 센텀남대로 35 (우동),N,N,N,N,N
반포자이,서울특별시 서초구 잠원로 24 (반포동),N,N,Y,N,N
강북삼성병원1층,서울특별시 종로구 새문안로 29 (평동) A관 1층,N,N,N,N,N
하남시청역,경기도 하남시 하남대로 808 (신장동),N,N,N,N,N
제주노형DT,제주특별자치도 제주시 월랑로 68 (노형동),N,N,N,N,N
인천옥련DT,인천광역시 연수구 능허대로 137 (옥련동),N,N,N,N,N
구로오류DT,서울특별시 구로구 서해안로 2233 (오류동),N,N,N,N,N
옥수,서울특별시 성동구 독서당로 202 (옥수동),N,N,N,N,N
삼락강변DT,부산광역시 사상구 낙동대로 1306 (삼락동),N,N,N,Y,N
남위례역,경기도 성남시 수정구 위례광장로 9-9 (창곡동),N,N,N,N,N
송파KT,"서울특별시 송파구 잠실로 209 (신천동), 오피스빌딩 1층 2~4호",N,Y,N,Y,N
수원역AK R,경기도 수원시 팔달구 덕영대로 924 (매산로1가),N,N,N,N,N
서울양평역,"서울특별시 영등포구 선유서로24길 6 (양평동1가, 영등포 중흥 S-CLASS)",N,N,N,N,N
대구칠곡읍내DT,대구광역시 북구 칠곡중앙대로 631 (읍내동),N,N,N,N,N
포포인츠명동,서울특별시 중구 삼일대로10길 36 (저동2가),N,N,N,N,N
리버사이드대성리DT,경기도 가평군 청평면 경춘로 258,N,N,N,N,N
김포공항DT,서울특별시 강서구 개화동로 517 (방화동),N,N,N,N,N
울산번영로DT,울산광역시 남구 달삼로 3 (달동),Y,N,N,Y,N
대구가톨릭대학교병원,대구광역시 남구 두류공원로17길 33 (대명동),N,N,N,N,N
건대후문,서울특별시 광진구 능동로 172 (화양동),N,N,N,N,N
서귀포올레,제주특별자치도 서귀포시 중정로 69 (서귀동),N,N,N,N,N
제주서귀포남원DT,제주특별자치도 서귀포시 남원읍 일주동로 7129,N,N,N,Y,N
시흥월곶,경기도 시흥시 월곶중앙로58번길 5-6 (월곶동),N,N,N,N,N
센터필드R,서울특별시 강남구 테헤란로 231 (역삼동),N,N,N,Y,N
수서역사거리,서울특별시 강남구 광평로 280 (수서동),N,N,N,N,N
오산부산동DT,경기도 오산시 경기동로 185 (부산동),N,N,N,N,N
대전신흥역DT,대전광역시 동구 옥천로 89 (판암동),N,N,N,N,N
영도청학DT,부산광역시 영도구 태종로 373 (청학동),N,Y,N,Y,N
양산물금DT,경상남도 양산시 물금읍 황산로 346,N,N,N,N,N
김포양촌역DT,"경기도 김포시 양촌읍 김포한강10로 236 구래리 259-1, 260, 262, 262-1 , 262-2, 260-6, 260-7",N,N,N,N,N
의왕롯데몰,"경기도 의왕시 바라산로 1 (학의동), GF층 일부",N,N,N,Y,N
신세계대전B1,"대전광역시 유성구 엑스포로 1 (도룡동), 대전신세계 백화점 B1층",N,N,N,N,N
신세계대전R,"대전광역시 유성구 엑스포로 1 (도룡동), 대전신세계 백화점 5F",N,N,N,Y,N
대전엑스포스카이,대전광역시 유성구 엑스포로 1 (도룡동) 신세계엑스포점 38층,Y,N,N,N,N
울산약사DT,울산광역시 중구 북부순환도로 754 (약사동),N,N,N,N,N
구리수택,"경기도 구리시 체육관로 44 (수택동)1-2층 , 옥외공간",N,N,N,Y,N
평택고덕,경기도 평택시 고덕면 고덕여염9길 38,N,N,N,N,N
원주IC DT,강원특별자치도 원주시 현충로 294 (태장동),N,N,N,N,N
인천관교DT,인천광역시 미추홀구 경원대로 656 (관교동),N,Y,N,N,N
창원반림,경상남도 창원시 성산구 반송로 150 (반림동),N,N,N,N,N
아현역대로,서울특별시 마포구 신촌로 262 (아현동),N,N,N,N,N
순천팔마DT,전라남도 순천시 백강로 23 (연향동),N,Y,N,N,N
전북남원DT,전북특별자치도 남원시 요천로 1477 (쌍교동),Y,N,N,Y,N
아산권곡,충청남도 아산시 문화로 271-6 (권곡동) 101~105호,N,N,N,N,N
망원한강공원,서울특별시 마포구 마포나루길 435 (망원동),N,N,N,N,N
타임빌라스수원,경기도 수원시 권선구 세화로 134 (서둔동),N,N,N,Y,N
경상대칠암캠퍼스,경상남도 진주시 동진로 22 (칠암동),N,N,N,N,N
평택독곡DT,경기도 평택시 경기대로 1600 (독곡동),Y,Y,N,N,N
수원고색동DT,경기도 수원시 권선구 서부로1390번길 150 (고색동),N,N,N,N,N
순천이마트,전라남도 순천시 팔마로 191 (덕암동),N,N,N,N,N
원주기업도시DT,강원특별자치도 원주시 지정면 기업도시로 224,N,N,N,N,N
동해IC DT,강원특별자치도 동해시 동해대로 5453 (평릉동),N,N,N,N,N
의왕삼동DT,경기도 의왕시 덕영대로 182 (삼동),N,N,N,N,N
천안대로DT,충청남도 천안시 동남구 천안대로 527 (구성동),N,N,N,N,N
용산전자랜드,서울특별시 용산구 청파로 74 (한강로3가),N,N,N,N,N
부산시청,부산광역시 연제구 중앙천로 93 (연산동),N,N,N,N,N
SSG랜더스필드1F,인천광역시 미추홀구 매소홀로 618 (문학동),N,N,N,N,N
동아대병원,부산광역시 서구 동대로 8 (동대신동3가),N,N,Y,N,N
대전목동DT,대전광역시 중구 동서대로 1387 (목동),N,N,N,N,N
신금호역,서울특별시 성동구 금호로 158-1 (금호동1가) 1~5층 전체,N,N,N,N,N
의정부송산역DT,경기도 의정부시 충의로 95 (용현동),N,N,N,N,N
서울안토,서울특별시 강북구 삼양로 689 (우이동) 지하1층,N,N,N,N,N
광주신창강변DT,광주광역시 광산구 북문대로 321 (신창동),N,N,N,Y,N
울산일산비치DT,울산광역시 동구 일산진11길 95 (일산동),N,N,N,N,N
수지구청역,"경기도 용인시 수지구 풍덕천로 119 (풍덕천동) 111,112,113,206,207호",N,N,N,N,N
동탄IX타워,경기도 화성시 동탄첨단산업1로 27 (영천동) 동탄금강펜테리움IX타워 M8~M11호,N,Y,N,N,N
수원조원DT,경기도 수원시 장안구 경수대로 831 (조원동),N,N,N,N,N
인천성모병원,인천광역시 부평구 동수로 56 (부평동),N,N,N,N,N
충남도청,충청남도 홍성군 홍북읍 청사로150번길 24,N,N,N,N,N
둔산삼성스토어,대전광역시 서구 대덕대로 254 삼성전자 메가스토어 대전본점 1층  (둔산동),N,N,Y,N,N
전북김제DT,전북특별자치도 김제시 콩쥐팥쥐로 11 (검산동),N,N,N,N,N
충남홍성DT,충청남도 홍성군 홍성읍 도청대로 58,N,N,N,N,N
기흥테라타워,"경기도 용인시 기흥구 서천로201번길 11 (농서동) 125, 126, 127, 128호",N,N,N,N,N
용인모현DT,경기도 용인시 처인구 모현읍 백옥대로 2529,N,N,N,N,N
중동삼성,경기도 부천시 원미구 길주로 254 (중동),N,N,N,N,N
성남모란삼성,경기도 성남시 수정구 산성대로 81 (수진동),N,N,N,N,N
더여수돌산DT,전라남도 여수시 돌산읍 돌산로 3549,N,N,N,N,N
독산역,"서울특별시 금천구 가산디지털1로 16 (가산동), 107-2, 1층",N,N,N,N,N
포항중앙로DT,경상북도 포항시 북구 중앙로 197 (죽도동),N,N,N,Y,N
창원대로DT,경상남도 창원시 성산구 성산패총로 182 (가음정동),N,N,N,N,N
경북도청대로,경상북도 예천군 호명면 수변로 113,N,N,Y,N,N
평택이마트,경기도 평택시 영신로 29 (지제동),N,N,N,Y,N
동탄신리천공원,경기도 화성시 동탄신리천로 264 (오산동),N,N,N,N,N
김포걸포,"경기도 김포시 걸포2로 83 (걸포동, 한강메트로자이1단지)",N,N,N,N,N
장유율하,경상남도 김해시 율하6로 67 1층 105호 (장유동),N,N,N,N,N
도봉로DT,서울특별시 도봉구 도봉로 635 (쌍문동),N,N,N,N,N
파주가람,경기도 파주시 가람로 89 (와동동),N,N,Y,N,N
영천완산DT,경상북도 영천시 영화로 272 (완산동),N,N,N,Y,N
속초금호DT,강원특별자치도 속초시 미시령로 3426 (금호동),N,N,N,N,N
울산 KTX,울산광역시 울주군 삼남읍 도호1길 16,N,N,N,Y,N
광양마동DT,전라남도 광양시 백운로 1267 (마동),N,N,N,N,N
목포용해DT,전라남도 목포시 대양로 133 (용해동),N,N,N,N,N
대구대천,대구광역시 달서구 조암남로32길 2 (대천동),N,N,N,N,N
전주만성DT,전북특별자치도 전주시 덕진구 정여립로 972 (만성동),N,N,N,N,N
계양BMW,인천광역시 계양구 서운산단로2길 6 (서운동) BMW 바바리안모터스,N,N,N,N,N
용인남동DT,경기도 용인시 처인구 백옥대로 953 (남동),N,N,N,Y,N
강남세곡DT,서울특별시 강남구 헌릉로 727 (세곡동),N,N,N,N,N
김포현대아울렛3층,경기도 김포시 고촌읍 아라육로152번길 100,N,N,N,N,N
자양역,"서울특별시 광진구 능동로 18 (자양동, 이튼타워리버3차)",N,N,N,N,N
미금역2001아울렛,경기도 성남시 분당구 미금일로154번길 20 (구미동),N,N,N,N,N
경리단길,서울특별시 용산구 회나무로 3 (이태원동),N,N,N,N,N
미사역파라곤스퀘어,"경기도 하남시 미사강변동로 100 (망월동), 미사역 파라곤스퀘어 1층 1011~1016호",N,N,N,N,N
여주남한강DT,경기도 여주시 강변북로 11 (천송동),N,N,N,N,N
평택비전DT,경기도 평택시 비전4로 180 (비전동),N,N,N,N,N
오송바이오산업단지,충청북도 청주시 흥덕구 오송읍 오송생명로 159 오송생명로 159,N,N,Y,Y,N
성수,서울특별시 성동구 아차산로 104 (성수동2가),N,N,Y,N,N
화성향남발안DT,경기도 화성시 향남읍 발안로 308,N,Y,N,N,N
마곡웰튼,"서울특별시 강서구 마곡중앙5로 22 (마곡동), 104/105/106호",N,N,N,N,N
봉선이마트,광주광역시 남구 봉선로 198 (봉선동),N,N,N,Y,N
일산하늘마을,경기도 고양시 일산동구 중산로 61 (중산동),N,N,N,N,N
대천해수욕장,충청남도 보령시 머드로 114 (신흑동),N,N,N,Y,N
봉천역,서울특별시 관악구 남부순환로 1730 (봉천동),N,N,N,N,N
강남논현,서울특별시 강남구 강남대로 512 (논현동),N,N,N,N,N
광주첨단DT,광주광역시 광산구 첨단월봉로 84 (산월동),N,N,N,Y,N
청계크리스탈스퀘어,서울특별시 중구 청계천로 106 (수표동),N,N,N,N,N
경산중산,"경상북도 경산시 펜타힐즈로 74 (중산동) 109호,110호,111호,112호",N,N,N,N,N
수색,서울특별시 은평구 수색로 216 (수색동),N,N,N,N,N
용인신갈DT,경기도 용인시 기흥구 중부대로 395 (신갈동),N,N,Y,N,N
진해경화역DT,경상남도 창원시 진해구 진해대로 698 (경화동),N,N,N,N,N
남양화성로DT,경기도 화성시 남양읍 화성로 1166 화성로 1166,N,N,N,N,N
천안아산역,충청남도 아산시 배방읍 고속철대로 147 101~105호,N,N,N,N,N
울산주전비치,울산광역시 동구 동해안로 667 (주전동),N,N,N,Y,N
부산동래,부산광역시 동래구 충렬대로 194 (명륜동),N,N,N,Y,N
수원이목동DT,경기도 수원시 장안구 서부로 2272 (이목동),N,Y,N,N,N
중곡역,"서울특별시 광진구 능동로 400 (중곡동) 1층 108,109,110,111,112,118 6개호실",N,N,N,N,N
하남감일,"경기도 하남시 감일백제로 169 (감이동) 현대타워, 1층 105~111호",Y,N,Y,N,N
방학역,"서울특별시 도봉구 도봉로 684 (방학동)101,102,113,114,115호",N,N,N,N,N
용인고기동유원지,경기도 용인시 수지구 고기로 487 (고기동),N,Y,N,N,N
제주한라수목원DT,제주특별자치도 제주시 수목원서길 3-5 (노형동),N,N,N,N,N
장유대청,경상남도 김해시 계동로 213 (대청동),N,N,N,Y,N
평택안중서동대로DT,경기도 평택시 안중읍 서동대로 1724,N,Y,N,N,N
거제사등,경상남도 거제시 사등면 거제대로 6070,N,N,N,N,N
기장일광DT,부산광역시 기장군 일광읍 기장대로 706,N,N,N,N,N
영등포시장역,서울특별시 영등포구 영중로 79 (영등포동7가),N,N,N,N,N
인천테크노밸리,인천광역시 부평구 주부토로 236 (갈산동),N,Y,N,N,N
미사역그랑파사쥬,경기도 하남시 미사강변동로 95 (망월동) 미사역 그랑파사쥬 1층 1056~1059호,N,N,N,N,N
충북혁신덕산,충청북도 진천군 덕산읍 연미1길 11,N,N,N,N,N
포항화진해수욕장,경상북도 포항시 북구 송라면 동해대로3218번길 40 (송라면),Y,N,N,N,N
영주가흥,경상북도 영주시 영주로 90 (가흥동),N,N,N,N,N
울산태화강역DT,울산광역시 남구 삼산로 379 (삼산동),N,N,N,N,N
용인한숲시티,경기도 용인시 처인구 남사읍 처인성로 729,Y,N,N,N,N
연천전곡DT,경기도 연천군 전곡읍 평화로 452,N,N,N,N,N
시흥능곡역,경기도 시흥시 장현능곡로 155 (능곡동),N,Y,Y,N,N
동탄타임테라스,"경기도 화성시 동탄중앙로 220 (반송동, 메타폴리스)",N,N,Y,N,N
진해부산신항,경상남도 창원시 진해구 신항동로 121 (용원동) 112호,N,N,N,N,N
세종금강DT,세종특별자치시 시청대로 45 (대평동),N,N,N,Y,N
포항송도,경상북도 포항시 남구 송도해안길 54 (송도동),N,N,N,N,N
동탄산단DT,경기도 화성시 동탄산단2길 7-36 (방교동),N,Y,N,N,N
창원NC파크R,"경상남도 창원시 마산회원구 삼호로 63 (양덕동), 창원NC파크",N,N,N,Y,N
용인양지IC DT,경기도 용인시 처인구 양지면 중부대로 2258,N,N,N,N,N
노원상계,서울특별시 노원구 동일로215길 2 (상계동),Y,N,N,N,N
광양LF,전라남도 광양시 광양읍 순광로 466,N,N,Y,N,N
여주자유CC,경기도 여주시 가남읍 자유그린길 69,N,N,N,N,N
포항IC DT,경상북도 포항시 남구 희망대로 353 (이동),N,N,N,N,N
부산거제DT,부산광역시 연제구 거제대로 203 (거제동),N,N,N,N,N
대전문지,대전광역시 유성구 문지로299번길 56 (문지동),N,N,N,N,N
제주금악DT,제주특별자치도 제주시 한림읍 평화로 1360-2,N,N,N,N,N
안동옥동,경상북도 안동시 광명로 166 (옥동),N,N,N,N,N
광교더샵레이크시티,경기도 수원시 영통구 광교호수공원로 20 (원천동),N,N,N,N,N
금정AK,"경기도 군포시 엘에스로 143 (금정동, 힐스테이트 금정역), AK플라자 4층 일부",N,N,N,N,N
강남역신분당역사,서울특별시 강남구 강남대로 396 (역삼동),N,N,N,Y,N
구리갈매DT,경기도 구리시 갈매순환로 148 (갈매동) 1-2층,N,N,N,N,N
용인IC DT,경기도 용인시 처인구 백옥대로 1305 (유방동),N,N,N,N,N
창원사파,"경상남도 창원시 성산구 창이대로689번길 4-4 (사파동) 1,2층",N,N,N,N,N
디지털미디어시티역,서울특별시 마포구 성암로 179 (상암동),N,N,Y,N,N
가산현대아울렛,"서울특별시 금천구 디지털로10길 9 (가산동), 1층 일부",N,N,N,N,N
대구앞산스카이타운,대구광역시 남구 앞산순환로 375 (대명동),N,N,N,N,N
인천구월중앙,인천광역시 남동구 용천로 70 (구월동),N,N,N,N,N
동두천송내DT,경기도 동두천시 평화로 2163 (송내동),N,N,N,Y,N
구로구청,"서울특별시 구로구 가마산로 232 (구로동, 스페스큐브), B101호",N,N,N,N,N
시흥장현,경기도 시흥시 황고개로 530 (장곡동),N,N,N,N,N
더제주송당파크R,제주특별자치도 제주시 구좌읍 비자림로 1189,N,N,N,N,N
지축역,경기도 고양시 덕양구 지축로 56 (지축동),N,N,N,N,N
서울대입구역8번출구,서울특별시 관악구 남부순환로 1831 (봉천동),N,N,N,Y,N
양원역,서울특별시 중랑구 양원역로10길 3 (망우동),N,N,N,N,N
제천하소DT,충청북도 제천시 용두대로 55 (하소동),N,N,N,N,N
신세계천안아산,충청남도 천안시 동남구 만남로 43 (신부동) B관 4층,N,N,N,N,N
오크밸리,강원특별자치도 원주시 지정면 오크밸리1길 70,N,Y,N,N,N
이천송정DT,경기도 이천시 증신로 285 (송정동),N,N,N,N,N
합정푸르지오,"서울특별시 마포구 월드컵로3길 14 (합정동, 마포 한강 2차 푸르지오)",N,N,N,N,N
경동1960,서울특별시 동대문구 고산자로36길 3 (제기동),N,Y,N,N,N
광주송정로,광주광역시 광산구 상무대로 202 (송정동),N,N,N,N,N
강서우장산,"서울특별시 강서구 강서로 231 (화곡동, 우장산역 해링턴 타워), 116/117/118/119/120호",N,N,N,N,N
대구태전DT,대구광역시 북구 칠곡중앙대로 158 (태전동),N,N,Y,N,N
수원청명,경기도 수원시 영통구 청명로 88 (영통동),N,N,N,N,N
네이버1784,경기도 성남시 분당구 정자일로 95 (정자동) 네이버1784 2층,N,N,N,N,N
삼성역,서울특별시 강남구 테헤란로 620 (대치동),N,N,N,Y,N
루원시티,"인천광역시 서구 가정로 437 (가정동, 루원시티 SK LEADERS VIEW)",N,N,N,N,N
구미인의DT,경상북도 구미시 인동북길 149 (인의동),Y,N,N,N,N
대구이월드,대구광역시 달서구 두류공원로 200 (두류동),N,N,N,N,N
초읍대공원,부산광역시 부산진구 성지곡로 6 (초읍동),N,N,N,Y,N
별내별가람역,경기도 남양주시 덕송2로 62 (별내동),N,N,N,Y,N
동탄라크몽,경기도 화성시 동탄대로5길 21 (송동) 라크몽,N,N,N,N,N
김포한강로DT,경기도 김포시 양촌읍 김포한강4로 257,N,N,N,N,N
천안청당신도시,충청남도 천안시 동남구 남부대로 322 1동 1층,N,N,N,Y,N
화곡역8번출구,"서울특별시 강서구 강서로 179 (화곡동), 1층 일부",N,Y,N,N,N
서김해IC DT,경상남도 김해시 금관대로 820-22 (명법동),N,N,N,Y,N
북울산삼성,울산광역시 북구 진장유통로 65 (진장동),N,N,N,Y,N
진영신도시,경상남도 김해시 진영읍 장등로10번길 1,N,N,N,N,N
대구금호,대구광역시 북구 한강로4길 9 (사수동),N,N,N,Y,N
대구현풍DT,대구광역시 달성군 현풍읍 비슬로 588,N,N,N,Y,N
진주초전DT,경상남도 진주시 대신로 411 (초전동),N,N,N,N,N
강릉IC DT,강원특별자치도 강릉시 경강로 1853 (홍제동),N,N,N,Y,N
천안원성DT,충청남도 천안시 동남구 충절로 168 (원성동),N,N,N,N,N
대전용운,대전광역시 동구 동부로 178 (용운동),Y,N,N,N,N
부산사상로,부산광역시 사상구 사상로 200 (괘법동) 105호,N,N,N,N,N
양주광적DT,경기도 양주시 광적면 부흥로 850,N,N,N,N,N
광화문교보문고,서울특별시 종로구 종로 1 (종로1가),N,N,N,N,N
숙명여대정문,서울특별시 용산구 청파로47길 100 (청파동2가) 프라임관B1F(로비층),N,N,N,N,N
강일역,"서울특별시 강동구 고덕로 429 (강일동), 1층",N,N,N,N,N
대전유성NC,대전광역시 유성구 계룡로 119 (봉명동),Y,N,N,N,N
도봉구청,서울특별시 도봉구 마들로 665 (도봉동),N,N,N,N,N
평창DT,강원특별자치도 평창군 대관령면 대관령마루길 8,N,N,N,N,N
가평설악IC DT,경기도 가평군 설악면 신선봉로 14,N,N,N,N,N
인천경원대로DT,인천광역시 부평구 경원대로 1118 (십정동),N,N,Y,N,N
울산삼성,울산광역시 남구 삼산로 86 (달동),N,N,N,Y,N
대구연경DT,대구광역시 동구 동화천로 391 (지묘동),N,N,N,N,N
고대안암병원,서울특별시 성북구 고려대로 73 (안암동5가),N,N,N,N,N
김천부곡DT,경상북도 김천시 시민로 47 (부곡동),N,N,N,Y,N
서산석남DT,충청남도 서산시 남부순환로 994 (석남동),N,N,N,N,N
장안사거리,서울특별시 동대문구 답십리로 267 (장안동),N,N,N,N,N
동탄북광장,"경기도 화성시 동탄원천로 153 (반송동), 1층 일부",N,N,N,N,N
아산모종,충청남도 아산시 온천대로 1721 (모종동) 아산축산농협 1층,N,N,N,N,N
동탄트레이더스,경기도 화성시 동탄대로 451 (오산동),N,N,N,Y,N
평택팽성DT,경기도 평택시 팽성읍 팽성로 221 경기도 평택시 팽성읍 팽성로 221,N,N,Y,N,N
광주풍암호수공원,광주광역시 서구 회재로 970 (풍암동),Y,N,N,Y,N
왕십리역9번출구,서울특별시 성동구 고산자로 234 (행당동),N,N,N,N,N
경주충효DT,경상북도 경주시 태종로 406 (충효동),N,N,N,N,N
울산선암DT,울산광역시 남구 두왕로 140 (선암동),N,N,N,Y,N
울산간절곶DT,울산광역시 울주군 서생면 해맞이로 1216,N,N,N,N,N
대구종로고택,대구광역시 중구 중앙대로77길 22 (종로2가),N,N,N,N,N
녹번역,"서울특별시 은평구 통일로 636 (녹번동) 110,111,112,113,114,115호",N,N,N,N,N
원주봉화산DT,강원특별자치도 원주시 서원대로 48 (단계동),N,N,Y,N,N
밀락더마켓,부산광역시 수영구 민락수변로17번길 56 (민락동),N,N,N,N,N
마산진동DT,경상남도 창원시 마산합포구 진동면 삼진의거대로 589-1,N,N,N,N,N
송산마도IC DT,"경기도 화성시 마도면 화성로 811 두곡리 312-4, 312-5",N,N,N,N,N
광주각화DT,광주광역시 북구 동문대로 303 (문흥동),N,N,N,N,N
포항법원DT,경상북도 포항시 북구 신덕로 287 (장성동),N,N,N,Y,N
강서녹산DT,부산광역시 강서구 낙동남로511번길 42 (녹산동),N,N,N,N,N
고척아이파크,"서울특별시 구로구 경인로43길 49 (고척동, 고척아이파크), 1층 D-101호",N,N,N,N,N
아산탕정역,"충청남도 아산시 탕정면 한들물빛도시로 88 거산타워 104,105,106,107,111호",N,N,N,N,N
이대역,서울특별시 서대문구 신촌로 183 (대현동),N,N,N,Y,N
다산이마트,"경기도 남양주시 도농로 24 (다산동, 부영애시앙)",N,N,N,N,N
세종대로,서울특별시 중구 세종대로 135-5 (태평로1가),N,N,N,N,N
통영죽림,경상남도 통영시 광도면 죽림해안로 64-72,N,N,N,N,N
더춘천의암호R,강원특별자치도 춘천시 스포츠타운길 231 (삼천동),N,N,N,Y,N
전주에코DT,전북특별자치도 전주시 덕진구 백석로 170 (전미동1가),N,N,N,N,N
용인고림DT,경기도 용인시 처인구 고림로 124 (고림동),N,N,N,N,N
경기광주IC DT,경기도 광주시 경충대로 1879 (장지동),N,N,N,Y,N
부산유엔공원,부산광역시 남구 유엔로 200 (대연동),N,N,N,Y,N
평택용이DT,경기도 평택시 죽백3로 125 (죽백동),N,N,N,Y,N
익산어양,전북특별자치도 익산시 하나로 495 (영등동),N,N,N,N,N
동대문디자인플라자,서울특별시 중구 을지로 281 (을지로7가) 디자인장터,N,N,N,N,N
제주세화DT,제주특별자치도 제주시 구좌읍 일주동로 3121,N,N,Y,Y,N
화성보통저수지,경기도 화성시 정남면 세자로 293 단독 건물,N,N,N,N,N
인천검단DT,인천광역시 서구 검단로 812 (불로동),N,N,Y,N,N
정관신도시DT,부산광역시 기장군 정관읍 모전로 101,N,N,N,N,N
부산서동,부산광역시 금정구 서동로 173 (서동),N,N,N,N,N
충남부여DT,충청남도 부여군 부여읍 성왕로 317,N,N,N,N,N
계룡대실DT,충청남도 계룡시 계룡대로 239 (금암동),N,N,N,N,N
제주모슬포DT,제주특별자치도 서귀포시 대정읍 일주서로 2549,N,N,N,N,N
대구국가산단DT,대구광역시 달성군 구지면 국가산단대로 260,N,N,N,N,N
포천내촌DT,경기도 포천시 내촌면 금강로 2064 (내촌면),N,N,N,N,N
김포마산역,경기도 김포시 김포한강8로 172 (마산동),N,N,N,N,N
포항두호DT,경상북도 포항시 북구 새천년대로 1031 (창포동),N,N,N,N,N
제주노형로,제주특별자치도 제주시 노형로 376 (노형동),N,N,N,N,N
전주이마트,전북특별자치도 전주시 완산구 당산로 111 (서신동),N,N,N,Y,N
군산이마트,전북특별자치도 군산시 구암3.1로 137 (경암동),N,N,N,N,N
목포이마트,전라남도 목포시 옥암로 138 (옥암동),N,N,N,N,N
원주문막IC DT,강원특별자치도 원주시 문막읍 원문로 1464,N,N,N,N,N
계양구청,인천광역시 계양구 오조산로 85 (용종동),N,N,N,N,N
개포동,서울특별시 강남구 선릉로 34 (개포동),N,N,N,N,N
소사역,"경기도 부천시 소사구 경인옛로 25 (소사본동, 부천 한신더휴 메트로)",N,N,N,N,N
HD현대R&D센터,경기도 성남시 분당구 분당수서로 477 (정자동),N,N,Y,Y,N
천안번영로DT,충청남도 천안시 서북구 번영로 579-1 (성성동),Y,N,N,N,N
경산무학,경상북도 경산시 하양읍 서사도리9로 21,N,N,N,Y,N
의왕현대모비스,경기도 의왕시 철도박물관로 37 (삼동),N,N,N,N,N
대구방촌DT,대구광역시 동구 화랑로 389 (방촌동),N,Y,N,N,N
동래허심청,부산광역시 동래구 온천장로107번길 32 (온천동) 1층,N,N,N,N,N
제천장락DT,충청북도 제천시 내토로 824 (장락동),N,N,N,N,N
사상이마트,부산광역시 사상구 광장로 17 (괘법동),N,N,N,N,N
광교갤러리아6F,경기도 수원시 영통구 광교중앙로 124 (하동),N,N,Y,N,N
송도호반써밋,인천광역시 연수구 랜드마크로 20 (송도동),N,N,N,N,N
대구신천DT,대구광역시 동구 동부로 78 (신천동),N,N,Y,N,N
평택고덕삼성,경기도 평택시 삼성로 114 (고덕동),N,N,N,N,N
새절역,서울특별시 은평구 증산로 371 (신사동),N,N,N,N,N
동탄여울공원,경기도 화성시 동탄기흥로 447-30 (오산동),N,N,N,N,N
판교역힐스테이트,경기도 성남시 분당구 판교역로 136 (백현동)  판교힐테이트 1092~1095호,N,N,N,N,N
서여주IC DT,경기도 여주시 세종대왕면 중부대로 2685 중부대로 2685,N,Y,N,Y,N
연제이마트,부산광역시 연제구 연수로 89 (연산동),N,Y,N,N,N
세종반곡,세종특별자치시 한누리대로 1844 (반곡동),N,N,N,N,N
청주서현,"충청북도 청주시 흥덕구 서현로 60 (가경동) 121호,122호,123호,124호",N,N,N,N,N
홍대동교,서울특별시 마포구 양화로 192 (동교동),Y,N,N,N,N
목동SBS,"서울특별시 양천구 목동서로 161 (목동), 101호, 201호",N,N,N,Y,N
고양덕은,경기도 고양시 덕양구 으뜸로 130 (덕은동),N,N,N,Y,N
검단신도시,"인천광역시 서구 이음대로 392 (원당동)115,116,117,118,119호",N,N,N,N,N
가산케이에스,"서울특별시 금천구 벚꽃로36길 30 (가산동), 가산KS타워 1층",N,N,N,N,N
전주아중DT,전북특별자치도 전주시 덕진구 아중로 220 (우아동1가),N,N,N,Y,N
부천역,경기도 부천시 소사구 부천로 1 (심곡본동),N,N,N,Y,N
홍천DT,강원특별자치도 홍천군 홍천읍 홍천로 292,N,N,N,N,N
대부도DT,경기도 안산시 단원구 대선로 35 (대부북동),N,Y,N,N,N
문정법조타운 한양타워,서울특별시 송파구 법원로11길 12 (문정동),N,N,N,N,N
경산사동DT,경상북도 경산시 원효로 194 (사동),N,N,N,Y,N
춘천후석로DT,강원특별자치도 춘천시 후석로 245 (후평동),N,N,N,N,N
삼성바이오로직스,인천광역시 연수구 송도바이오대로 300 (송도동),N,N,N,N,N
광교SK뷰레이크41F,경기도 수원시 영통구 법조로 25 (하동),N,N,N,Y,N
대구신매역,대구광역시 수성구 고산로 102 (신매동),N,N,N,N,N
청주주성,충청북도 청주시 청원구 주성로279번길 27-19 (주성동),N,N,N,N,N
둔산대덕대로,"대전광역시 서구 대덕대로 200 (둔산동), 1층",N,N,N,Y,N
광주양산DT,광주광역시 북구 하서로 380 (양산동),N,N,N,N,N
강남역우송빌딩,서울특별시 서초구 서초대로73길 7 (서초동),Y,N,Y,Y,N
잠실본동,"서울특별시 송파구 백제고분로 91 (잠실동), 1층",N,N,N,N,N
거제장평,경상남도 거제시 장평3로 43 (장평동),Y,Y,N,N,N
수원화성행궁,경기도 수원시 팔달구 정조로841번길 10 (신풍동),N,Y,N,Y,N
물왕호수,경기도 시흥시 동서로857번길 6 (물왕동),N,N,N,N,N
제주한담해변DT,제주특별자치도 제주시 애월읍 일주서로 6142,N,N,N,N,N
충무로,서울특별시 중구 충무로 3 (필동1가),N,N,N,N,N
포항초곡DT,경상북도 포항시 북구 흥해읍 동해대로 1354,N,N,N,N,N
쉐라톤그랜드인천,인천광역시 연수구 컨벤시아대로 153 (송도동),N,N,Y,N,N
이천IC DT,"경기도 이천시 부발읍 경충대로 2183 신하리 547외 6필지(547, 548-2, 3, 4, 5, 550-7,8)",Y,N,Y,N,N
화성봉담2지구,경기도 화성시 봉담읍 상리2길 41,N,N,N,Y,N
성남태평,경기도 성남시 수정구 수정로 149 (태평동) 1~2층,N,N,N,N,N
이천마장DT,경기도 이천시 마장면 중부대로 121-4,N,N,N,N,N
남천더샵,"부산광역시 수영구 수영로 389 (남천동, 더샵 남천프레스티지)",N,N,Y,N,N
부산성모안과병원,부산광역시 해운대구 해운대로 409 (우동),N,N,N,Y,N
이마트타워,서울특별시 중구 세종대로7길 37 (순화동) 1층,N,N,N,N,N
울산남목DT,울산광역시 동구 방어진순환도로 1146 (서부동),N,Y,N,N,N
답십리초교사거리,서울특별시 동대문구 전농로 38 (답십리동),N,N,N,N,N
대구도남,대구광역시 북구 도남중앙로9길 1 (국우동),Y,N,N,N,N
순천오천,전라남도 순천시 순천만정원로 86 (풍덕동),N,N,N,N,N
청주동남,충청북도 청주시 상당구 중고개로141번길 13-16 (용암동),N,N,N,Y,N
신풍역,서울특별시 영등포구 신풍로 23 (신길동),N,Y,N,N,N
수내역1번출구,경기도 성남시 분당구 황새울로258번길 41 (수내동)  1~2층,N,N,N,N,N
화양삼거리,서울특별시 광진구 광나루로 374 (화양동),N,N,Y,N,N
영남대학교의료원영의관,대구광역시 남구 현충로 170 (대명동),Y,N,N,N,N
영남대학교의료원,대구광역시 남구 현충로 170 (대명동),N,N,N,N,N
가산퍼블릭,"서울특별시 금천구 디지털로 178 (가산동), B동 F PARK 1층",Y,N,N,N,N
발산역5번출구,"서울특별시 강서구 강서로52길 43 (내발산동, DH647), 1층 일부",N,N,N,N,N
시민공원역,"인천광역시 미추홀구 경인로 372 (주안동, 포레나 미추홀)",N,N,N,N,N
창동역,서울특별시 도봉구 마들로13길 61 (창동),N,N,Y,Y,N
전주시청,전북특별자치도 전주시 완산구 기린대로 213 (서노송동),N,N,N,Y,N
수진역,경기도 성남시 수정구 산성대로 223 (신흥동) 1층,N,N,N,N,N
충북도청,충청북도 청주시 상당구 상당로 66 (문화동),N,N,N,Y,N
울산병영,울산광역시 중구 번영로 580 (남외동),N,N,Y,N,N
청담역,서울특별시 강남구 삼성로 709 (청담동),N,N,N,N,N
송정역,"서울특별시 강서구 공항대로 38 (공항동), 1층 일부",N,N,N,N,N
양산신기DT,경상남도 양산시 양산대로 947 (신기동),N,N,N,Y,N
기장임랑원,부산광역시 기장군 장안읍 임랑해안길 10,N,N,N,N,N
서대전네거리,"대전광역시 중구 계룡로 878 (오류동), 1층",N,N,N,N,N
목포해안로,전라남도 목포시 해안로 92 (서산동),N,N,N,N,N
울산송정,울산광역시 북구 화산로 119 (송정동),N,N,N,N,N
센텀수영DT,부산광역시 수영구 좌수영로 151 (망미동),N,N,N,Y,N
대구파티마병원,대구광역시 동구 아양로 99 (신암동),N,N,N,N,N
수원성빈센트병원,경기도 수원시 팔달구 중부대로 93 (지동),N,N,N,N,N
압구정현대아파트,서울특별시 강남구 논현로175길 38 (신사동),N,N,N,N,N
대구범어푸르지오,"대구광역시 수성구 상록로 15 (범어동, 범어센트럴푸르지오)",N,N,N,N,N
진접역,경기도 남양주시 진접읍 해밀예당1로235번길 3-5,N,N,N,N,N
가천대학교,경기도 성남시 수정구 성남대로 1342 (복정동),N,N,N,N,N
엘시티,"부산광역시 해운대구 달맞이길 30 (중동, 엘시티) 1021호, 1022호, 1023호",N,Y,N,Y,N
안산물의광장,경기도 안산시 단원구 광덕대로 187 (고잔동),N,Y,N,N,N
동호로,서울특별시 중구 동호로 171 (신당동),N,N,N,N,N
원주시청,강원특별자치도 원주시 시청로 27-1 (무실동),N,N,N,N,N
파주LGD,경기도 파주시 월롱면 엘지로 245 (상동),N,N,N,Y,N
부천상일로,경기도 부천시 원미구 상일로 120 (상동),N,N,N,N,N
불광역8번출구,서울특별시 은평구 통일로 746 (불광동),N,N,N,N,N
청량리역롯데캐슬스카이,"서울특별시 동대문구 답십리로 27 (전농동, 청량리역 롯데캐슬 SKY-L65)",N,N,N,N,N
천안불당신도시,충청남도 천안시 서북구 불당23로 73-27 (불당동),N,N,N,N,N
대전시청역8번출구,대전광역시 서구 둔산중로46번길 10 (둔산동),N,N,N,N,N
루원앨리스빌,"인천광역시 서구 서곶로 45 (가정동, 루원 린스트라우스 더 린시티)",Y,N,N,N,N
뚝섬한강공원,서울특별시 광진구 강변북로 2234 (자양동),N,N,N,Y,N
대전송강,대전광역시 유성구 봉산로 1 (송강동),N,N,N,N,N
스타필드수원1F,경기도 수원시 장안구 수성로 175 (정자동),N,N,N,N,N
스타필드수원6F,경기도 수원시 장안구 수성로 175 (정자동),N,N,N,N,N
강릉주문진,강원특별자치도 강릉시 주문진읍 학교담길 32-8,N,N,N,N,N
순천왕지DT,전라남도 순천시 순광로 95 (조례동),N,N,N,N,N
광주광천,광주광역시 서구 죽봉대로 66 (농성동),N,N,N,N,N
송도첨단대로,인천광역시 연수구 첨단대로 40 (송도동),N,N,N,Y,N
사이버한국외대,서울특별시 동대문구 휘경로 6 (이문동),N,N,N,N,N
여의도TP타워,서울특별시 영등포구 의사당대로 96 (여의도동),N,N,N,N,N
반포원베일리,서울특별시 서초구 반포대로 291 (반포동),N,N,N,N,N
대구월성네거리,대구광역시 달서구 조암로 5 (월성동),N,N,N,Y,N
여의도교직원공제회,서울특별시 영등포구 여의나루로 50 (여의도동),N,N,N,N,N
평택고덕에듀타운,경기도 평택시 고덕로 245 (고덕동),N,N,N,N,N
창원경상대병원,경상남도 창원시 성산구 삼정자로 11 (성주동),N,N,N,N,N
구리시청DT,경기도 구리시 아차산로 395 (교문동),N,N,N,Y,N
연산교차로,부산광역시 연제구 중앙대로 1098 (연산동),N,N,N,N,N
부산미남역,부산광역시 동래구 석사북로 108 (온천동),N,N,N,N,N
안동법원DT,경상북도 안동시 강남로 305 (정하동),N,N,N,Y,N
도안레이크타워,대전광역시 서구 도안동로 234-54 (도안동) 105~109호,N,N,Y,N,N
아산탕정DT,충청남도 아산시 탕정면 이순신대로 604,N,N,Y,Y,N
천안남부대로DT,충청남도 천안시 동남구 남부대로 88 (신방동),N,N,Y,N,N
인천공항T1에어4F,인천광역시 중구 공항로 272 (운서동) 인천공항1터미널 에어4층,N,Y,N,N,N
거제상동DT,경상남도 거제시 거제중앙로 1647 (상동동),N,N,N,N,N
판교도서관,경기도 성남시 분당구 운중로 251 (판교동),N,N,N,N,N
여의도브라이튼,"서울특별시 영등포구 국제금융로 39 (여의도동, 브라이튼 여의도), 1층",N,N,N,N,N
대전관저네거리,대전광역시 서구 계백로 993 (관저동) 102-1호,N,N,N,N,N
오송파라곤,"충청북도 청주시 흥덕구 오송읍 오송생명7로 136 오송생명7로 136 103호,104호",N,N,N,N,N
인천공항T2에어,인천광역시 중구 제2터미널대로 444 (운서동)인천공항2터미널 3층 AIR SIDE,N,N,N,N,N
통영북신DT,경상남도 통영시 중앙로 273 (북신동),N,N,N,N,N
대구교대DT,대구광역시 남구 중앙대로 214 (대명동),N,Y,N,N,N
광주염주,광주광역시 서구 월드컵4강로 56 (화정동),N,N,N,N,N
부산비프광장,부산광역시 중구 비프광장로 33 (남포동3가),N,Y,N,Y,N
신도림힐스테이트,서울특별시 구로구 경인로 625 (신도림동),N,N,N,Y,N
안산사동DT,"경기도 안산시 상록구 용하공원로 44 (사동), 토지 일부",N,N,N,Y,N
문정역2번출구,서울특별시 송파구 문정로 1 (문정동),N,N,N,Y,N
에이펙스청라,인천광역시 서구 청라루비로 81 (청라동),N,Y,N,N,N
장충라운지R,서울특별시 중구 장충단로4길 25 (장충동1가),N,N,N,N,N
판교제2테크노밸리,경기도 성남시 수정구 창업로 54 (시흥동),N,N,N,N,N
영랑호리조트,강원특별자치도 속초시 영랑호반길 170 (금호동),N,N,N,N,N
용호빌리브,부산광역시 남구 분포로 61 (용호동) 빌리브센트로 제B동 101호~106호,N,N,N,N,N
마포구청역,서울특별시 마포구 월드컵로 200 (성산동) 1층 일부,N,N,Y,N,N
이케아강동,서울특별시 강동구 고덕비즈밸리로 51 (고덕동),N,N,N,N,N
염창대로,"서울특별시 강서구 양천로 744 (염창동), 101호",N,N,N,N,N
군산디오션시티DT,전북특별자치도 군산시 조촌로 174 (조촌동),N,N,N,N,N
충북대학교병원,충청북도 청주시 서원구 1순환로 776 (개신동),Y,N,N,N,N
강동강일,서울특별시 강동구 아리수로93나길 54 (강일동),N,N,Y,N,N
제주서귀포토평DT,제주특별자치도 서귀포시 일주동로 8516 (토평동),N,N,N,N,N
매봉역,서울특별시 강남구 남부순환로 2736 (도곡동),N,N,N,N,N
인천공항T1랜드B1,인천광역시 중구 공항로 272 (운서동),N,N,N,N,N
오창2산단,충청북도 청주시 청원구 오창읍 2산단로 114 오창읍 2산단로 114,Y,N,N,N,N
당진시청,"충청남도 당진시 시청2로 49-30 (수청동)  102,103,104,105호",N,N,N,N,N
성신여대입구역,서울특별시 성북구 동소문로 105 (동선동4가),N,N,N,N,N
인스파이어리조트,인천광역시 중구 공항문화로 127 (운서동),N,N,N,N,N
전주예수병원,전북특별자치도 전주시 완산구 서원로 356-1 (중화산동1가),N,N,N,Y,N
인천공항T2랜드B1,인천광역시 중구 제2터미널대로 444 (운서동),N,N,N,N,N
암사역,서울특별시 강동구 올림픽로 786 (암사동),N,N,N,Y,N
갤러리아센터시티,"충청남도 천안시 서북구 공원로 227 (불당동), 갤러리아 센터시티, 8F",N,N,N,N,N
남양주행정타운,경기도 남양주시 경춘로 498 (다산동),N,N,N,Y,N
과천지식정보타운,경기도 과천시 과천대로7길 12 (갈현동),N,N,N,Y,N
삼성디스플레이SDR,경기도 용인시 기흥구 삼성로 1 (농서동),N,N,Y,N,N
인천공항T2랜드1F,인천광역시 중구 제2터미널대로 444 (운서동),N,N,N,N,N
교대역3번출구,서울특별시 서초구 서초중앙로24길 10 (서초동),N,N,N,Y,N
가나아트파크,경기도 양주시 장흥면 권율로 117,N,N,N,N,N
익산부송,전북특별자치도 익산시 부송로 41 (부송동),N,N,N,Y,N
의왕백운호수,경기도 의왕시 백운로 399 (학의동),N,N,N,N,N
수유역5번출구,"서울특별시 강북구 도봉로 315 (수유동, 에피소드 수유 838)",N,N,Y,Y,N
가산어반워크,서울특별시 금천구 가산디지털2로 135 (가산동),N,N,N,Y,N
충북대캠퍼스,"충청북도 청주시 서원구 충대로 1 (개신동, 충북대학교) 제1학생회관 1층",Y,N,N,N,N
대구용계DT,대구광역시 동구 동촌로 295 (방촌동),N,Y,N,Y,N
대구알파시티,"대구광역시 수성구 알파시티1로 265 (대흥동) 수성정문타워 1층 107, 108, 109, 110호",N,N,N,N,N
경기광주태전,경기도 광주시 태전중앙2길 21 (태전동),N,N,N,Y,N
수원매탄,경기도 수원시 영통구 효원로 400 (매탄동),N,N,N,N,N
노원구청,서울특별시 노원구 노해로 447 (상계동),N,N,N,Y,N
여주프리미엄빌리지,경기도 여주시 명품1로 22-2 (상거동),N,N,N,N,N
강남청담빌딩,서울특별시 강남구 선릉로 704 (청담동),N,N,N,N,N
강릉중앙,강원특별자치도 강릉시 경강로2097 (임당동),N,N,N,N,N
부산사상광장로,부산광역시 사상구 광장로 22 (괘법동),N,N,N,N,N
대전복합터미널,대전광역시 동구 동서대로 1689 (용전동),N,N,N,Y,N
서초태우빌딩,서울특별시 서초구 강남대로 285 (서초동),N,N,N,N,N
수원경인일보,경기도 수원시 팔달구 효원로 299 (인계동),N,N,N,N,N
세종해밀DT,세종특별자치시 미리내로 171 (해밀동),N,N,Y,N,N
파주교하,경기도 파주시 청석로 256 (동패동),N,N,N,N,N
문현이마트,부산광역시 남구 전포대로91번길 47 (문현동),N,N,N,N,N
부산P.아울렛,부산광역시 기장군 장안읍 정관로 1133,N,N,N,N,N
삼성전자DSR,"경기도 화성시 삼성전자로 1 (반월동), DSR동 B-C타워 로비 1층",N,N,N,N,N
칠곡경북대학교병원,대구광역시 북구 호국로 807 (학정동),N,N,Y,Y,N
뚝섬역교차로,서울특별시 성동구 아차산로 6 (성수동1가),N,Y,N,N,N
충북진천DT,충청북도 진천군 진천읍 문화로 265,N,N,N,N,N
천안불당호반,충청남도 천안시 서북구 불당34길 3-7 (불당동),N,N,N,N,N
여수죽림,전라남도 여수시 소라면 죽림중앙로 7-39,N,N,N,N,N
대구감삼빌리브스카이,"대구광역시 달서구 와룡로 186 (감삼동, 빌리브 스카이 주상복합)",N,N,Y,N,N
용산아이파크몰1F,서울특별시 용산구 한강대로23길 55 1층 (한강로3가),N,N,N,N,N
케이스퀘어강남,서울특별시 강남구 강남대로94길 10 (역삼동),N,N,N,N,N
대구두류역,대구광역시 서구 달구벌대로 1749 (내당동),N,Y,Y,N,N
신촌로,서울특별시 서대문구 신촌로 109 (창천동),N,N,N,N,N
망우동,서울특별시 중랑구 망우로 407 (망우동),N,N,N,N,N
봉천현대시장,"서울특별시 관악구 은천로 118 (봉천동), 1층 101~104호",N,N,N,N,N
광주시리단길,"광주광역시 광산구 임방울대로826번길 29-12 (쌍암동) 101호, 102호, 103호, 104호",N,N,Y,N,N
창원대방,"경상남도 창원시 성산구 가양로124번길 4 (대방동),  1층 104호",N,N,Y,N,N
이천진리DT,경기도 이천시 경충대로 2531 (진리동),Y,N,N,N,N
대구역,대구광역시 중구 태평로 160 (북성로1가),N,N,N,N,N
양산부산대학교병원,경상남도 양산시 물금읍 금오로 20,N,N,N,N,N
둔산이랜드피어,대전광역시 서구 한밭대로 817 (둔산동),N,N,N,Y,N
용인처인휴게소,경기도 용인시 처인구 모현읍 곡현로619번길 36,N,N,N,N,N
조선대국제관,광주광역시 동구 조선대5길 9 (서석동),N,N,N,N,N
김포애기봉생태공원,경기도 김포시 월곶면 평화공원로 289,N,N,N,N,N
갤러리아타임월드,대전광역시 서구 대덕대로 211 (둔산동),Y,N,N,N,N
리저브도산,서울특별시 강남구 선릉로155길 23 (신사동),N,N,N,N,N
유성선병원,"대전광역시 유성구 북유성대로 93 (지족동),  B1",N,N,N,N,N
용산이마트,서울특별시 용산구 한강대로23길 55 (한강로3가) 용산이마트 지하 2층,N,N,N,N,N
이수역13번출구,"서울특별시 동작구 동작대로27길 5 (사당동), 1층",N,Y,N,N,N
김포공항국제선,서울특별시 강서구 하늘길 38 (방화동),N,N,N,N,N
서대문적십자,서울특별시 종로구 새문안로 9 (평동) 서울적십자병원 별관 상가동 1층 B호,Y,N,N,N,N
세종조치원,세종특별자치시 조치원읍 문화2길 3,N,N,N,N,N
판교위든타워,경기도 성남시 수정구 금토로80번길 56 (금토동),N,N,N,Y,N
압구정역사3번출구,서울특별시 강남구 논현로 854 (신사동),N,N,N,N,N
양산통도사,경상남도 양산시 하북면 충렬로 1553,N,N,N,Y,N
평촌한림대병원,경기도 안양시 동안구 관평로170번길 33 (관양동),N,N,N,N,N
광주시청,"광주광역시 서구 상무연하로 112 (치평동), 제갈량빌딩, B동 102호",N,N,N,N,N
양재역신분당역사,서울특별시 서초구 남부순환로 2585 신분당선 양재역 지하1층 12호(7번출구쪽),N,Y,N,Y,N
보라매역,"서울특별시 영등포구 신풍로 115 (신길동), 1층",N,N,N,N,N
길음뉴타운,"서울특별시 성북구 길음로 11 (길음동, 길음역롯데캐슬트윈골드아파트)",N,N,N,N,N
강릉아산병원,강원특별자치도 강릉시 사천면 방동길 38,N,N,N,N,N
평촌트리지아,"경기도 안양시 동안구 귀인로 110 (호계동, 평촌트리지아아파트 2단지)",N,N,N,N,N
마곡보타닉게이트,"서울특별시 강서구 마곡동로 166 (마곡동) 106호,107호,108호",N,N,N,N,N
연신내역5번출구,"서울특별시 은평구 연서로 222 (대조동), 1층",N,N,N,N,N
쌍문,서울특별시 도봉구 도봉로 494 (창동),N,N,N,N,N
응암역2번출구,서울특별시 은평구 연서로 17 (역촌동),N,N,N,N,N
경희의료원,서울특별시 동대문구 경희대로 23 (회기동),N,N,N,N,N
광장마켓,서울특별시 종로구 창경궁로 88 (예지동),N,N,N,N,N
상도대로,"서울특별시 동작구 상도로 218 (상도동), 1층",N,N,N,N,N
명지대,서울특별시 서대문구 거북골로 34 (남가좌동),N,N,N,N,N
마곡케이스퀘어,"서울특별시 강서구 마곡중앙로 105-7 (마곡동), 1층 일부",N,N,N,N,N
과천메가존,경기도 과천시 과천대로 7길 74 (갈현동) 1층 105-1호,N,N,N,N,N
부산초량역,부산광역시 동구 중앙대로 244 (초량동) 1층 일부,N,N,N,Y,N
원그로브,"서울특별시 강서구 공항대로 165 (마곡동)지하1층, WB115호",N,N,N,N,N
수원역AK B1,경기도 수원시 팔달구 덕영대로 924 (매산로1가),N,N,N,N,N
경산신대부적,경상북도 경산시 압량읍 대학로 422,N,N,N,Y,N
대전상대동,대전광역시 유성구 상대복용로29번길 13 (상대동),N,N,N,N,N
나주금성관,"전라남도 나주시 금성관길 4, 금성관길 4-1 (중앙동)",N,N,N,N,N
제주함덕해변,제주특별자치도 제주시 조천읍 조함해안로 526 1~2층,N,N,N,Y,N
세종예술의전당,세종특별자치시 나성동로 6 (나성동),N,Y,N,N,N
하단역2번출구,부산광역시 사하구 낙동남로 1398 (하단동),N,N,N,N,N
순천향천안병원,충청남도 천안시 동남구 순천향6길 31 (봉명동),N,N,N,N,N
동대문역사문화공원역,서울특별시 중구 퇴계로 325-9 (광희동2가),N,N,N,Y,N
대륭서초타워,서울특별시 서초구 강남대로 327 (서초동),N,N,N,Y,N
연희동,서울특별시 서대문구 연희로 79 (연희동),N,N,N,N,N
순화동경찰청앞,서울특별시 중구 서소문로9길 41-10 (순화동),N,N,N,N,N
강남르피에드,"서울특별시 서초구 서운로 136 (서초동), 1층 1호,2호,3호,4호",N,N,N,N,N
판교놀유니버스,경기도 성남시 수정구 금토로 70 (금토동),N,N,N,N,N
한국은행교차로,서울특별시 중구 남대문로 55 (남대문로2가),N,N,N,N,N
리저브광화문,서울특별시 종로구 세종대로 178 (세종로),N,Y,N,N,N
KT광화문웨스트B1F,서울특별시 종로구 세종대로 178 (세종로),N,N,N,N,N
구의역이스트폴,"서울특별시 광진구 아차산로 402 (자양동), 1층",N,N,Y,N,N
광양LF스퀘어3F,전라남도 광양시 광양읍 순광로 466 광양LF스퀘어 3층,N,N,N,N,N
커넥트현대청주,충청북도 청주시 흥덕구 2순환로 1225 (가경동),N,N,N,N,N
강남파이낸스센터,서울특별시 강남구 테헤란로 152 (역삼동),N,N,N,N,N
대전LG에너지솔루션,대전광역시 유성구 문지로 188 (문지동),N,N,N,N,N
동작대로,서울특별시 서초구 동작대로 72 (방배동),N,N,N,Y,N
남양주이마트,경기도 남양주시 늘을2로 27 (호평동),N,N,N,N,N
신도림센터포인트,"서울특별시 구로구 새말로 97 (구로동)신도림센터포인트웨스트 지하1층 오01호, 오02호",N,N,N,Y,N
신림녹두거리,"서울특별시 관악구 신림로 99 (신림동, 센터스퀘어 서울대점)",N,N,N,Y,N
건대로데오,"서울특별시 광진구 아차산로 212 (자양동, 더포디엄830)",N,N,N,N,N
그랑서울,서울특별시 종로구 종로 33 (청진동),N,N,N,N,N
강남차여성병원,서울특별시 강남구 봉은사로 156 (역삼동),N,N,N,N,N
광주문화전당,광주광역시 동구 서석로 44 (광산동) 1~2층,N,N,N,N,N
무안오룡,전라남도 무안군 일로읍 오룡남로 132 웨스턴플라자 101 1층,N,N,N,Y,N
여의도한강공원,서울특별시 영등포구 여의동로 338 (여의도동) 선착장 3층,N,N,N,N,N
군산경포천,전북특별자치도 군산시 경포천로 110 (미장동) 1층,N,N,N,N,N
구월트레이더스,인천광역시 남동구 매소홀로 759 (구월동),N,N,N,N,N
대전죽동,대전광역시 유성구 죽동로297번길 52 (죽동),N,N,N,N,N
파주LGD GATE G,경기도 파주시 월롱면 엘지로 245  GATE G,N,N,N,N,N
잠실학원사거리,서울특별시 송파구 삼전로 102 (삼전동),N,N,N,N,N
시청역11번출구,서울특별시 중구 서소문로 129 (서소문동),N,N,Y,N,N
잠실트리지움,서울특별시 송파구 석촌호수로 61 (잠실동),N,N,N,N,N
광주유스퀘어,광주광역시 서구 무진대로 904 (광천동),N,N,N,N,N
아라동사거리,인천광역시 서구 이음1로 377 (원당동),N,N,N,N,N
강동그란츠,"서울특별시 강동구 천호대로 1050 (성내동) 근생 1-6, 1-7",N,N,N,N,N
둔촌포레온스테이션5,"서울특별시 강동구 양재대로 1360 (둔촌동) 포레온스테이션5 1063, 1064",Y,N,N,N,N
강변,서울특별시 광진구 구의강변로 46 (구의동),N,N,Y,N,N
인하대병원,인천광역시 중구 인항로 27 (신흥동3가),N,N,N,N,N
삼성전자 구미2캠퍼스,경상북도 구미시 3공단3로 302 삼성전자 2공장 창의동 1층((임수동),N,N,N,N,N
광주신창,광주광역시 광산구 신창로 121 (신창동),N,N,N,N,N
현대울산B1,울산광역시 남구 삼산로 261 (삼산동) B1층,N,N,N,N,N
광주운암,광주광역시 북구 북문대로 86-10 (운암동),N,N,N,N,N
금천금나래,서울특별시 금천구 시흥대로79길 23 (시흥동) 1층,N,N,Y,N,N
부산역3번출구,부산광역시 동구 중앙대로 191 (초량동) 1층,N,Y,N,N,N
여의도IFC몰(L2)STREET,서울특별시 영등포구 국제금융로 10 (여의도동) L2 S15,N,N,N,N,N
흥덕IT밸리,경기도 용인시 기흥구 흥덕1로 13 (영덕동),Y,N,N,N,N
경주용황,"경상북도 경주시 용황로13길 33, 1층",N,N,N,Y,N
신논현역,"서울특별시 서초구 사평대로 367 (반포동), 1층",N,N,N,N,N
광교상현역,경기도 용인시 수지구 광교마을로 35 (상현동),N,N,N,N,N
인천논현역4번출구,인천광역시 남동구 논고개로 117 (논현동),N,Y,N,N,N
마곡코엑스,서울특별시 강서구 마곡중앙로 143 (마곡동),N,N,N,Y,N
월송리CC,강원특별자치도 원주시 지정면 오크밸리2길 250,N,Y,N,N,N
양주덕계역,경기도 양주시 회천중앙로 236 (덕계동),N,N,N,N,N
익산원광대,전북특별자치도 익산시 무왕로 888 (신동),N,N,N,N,N
우리은행본점B1F,서울특별시 중구 소공로 51 (회현동1가),N,N,N,N,N
인천장제로,인천광역시 계양구 장제로 736 (작전동),N,N,N,N,N
마포역뉴매드,서울특별시 마포구 마포대로 26 (마포동),N,N,N,Y,N
강남역5번출구호정빌딩,서울특별시 서초구 서초대로78길 38 (서초동),N,Y,N,N,N
청담역6번출구,서울특별시 강남구 삼성로 634 (삼성동),N,N,N,N,N
파주해오름,경기도 파주시 청암로 79 (다율동),N,N,N,N,N
안산선부역,"경기도 안산시 단원구 선부광장1로 186 (선부동), 114~118호 면적 선택",N,N,N,N,N
면목역,서울특별시 중랑구 면목로 403 (면목동),N,N,N,N,N
다대포해수욕장,"부산광역시 사하구 다대로 716 (다대동) 지하 1층, 1층",N,N,N,N,N
대구동성로SK리더스,"대구광역시 중구 공평로 36 (삼덕동2가, 동성로 SK 리더스뷰) 상가 101~104호",Y,N,N,N,N
전북대병원,전북특별자치도 전주시 덕진구 건지로 20 (금암동) 본관 1층,N,N,N,Y,N
부산대병원,부산광역시 서구 구덕로 179 (아미동1가) 부산대학교병원 A동(본관) 1층 일부,N,N,N,N,N
스타필드빌리지운정,경기도 파주시 와석순환로515번길 70 (와동동),N,N,N,N,N
양재하나로마트,서울특별시 서초구 청계산로 10 (양재동),N,N,N,Y,N
강남자곡,서울특별시 강남구 자곡로 172 (자곡동) 107~109호,N,N,N,N,N
대전용산,대전광역시 유성구 배울1로 120 (용산동) 10호~104호,N,N,Y,N,N
그랜드조선제주,"제주특별자치도 서귀포시 중문관광로72번길 60 (색달동), 본관 RF",N,N,N,N,N
스타필드안성3F,경기도 안성시 공도읍 서동대로 3930-39 스타필드 안성 3층,N,Y,N,Y,N
위례창곡,경기도 성남시 수정구 위례동로 135 (창곡동),N,N,N,N,N
신검단중앙역,인천광역시 서구 고산후로 216 (불로동),N,N,N,N,N
수지메디파크,"경기도 용인시 수지구 수풍로 65 (풍덕천동) B113, B114호",N,N,N,Y,N
덕성여대,서울특별시 도봉구 삼양로 536 (쌍문동),N,N,N,N,N
양천향교역,서울특별시 강서구 양천로 344 (마곡동),N,N,N,N,N
인천만수향촌,인천광역시 남동구 만수서로 62 (만수동),N,N,N,N,N
광명센트럴,경기도 광명시 광명로 960 (광명동),N,Y,N,Y,N
검단이마트,인천광역시 서구 서곶로 754 (당하동),N,N,N,N,N
광주계림,"광주광역시 동구 경양로243번길 1 (계림동) 101호, 102호, 103호",N,N,N,N,N
강남역7번출구,서울특별시 서초구 강남대로 385 (서초동),N,N,N,N,N
수지롯데캐슬하이브엘,"경기도 용인시 기흥구 진산로 124 (보정동, 수지구청역 롯데캐슬 하이브엘)",N,N,N,Y,N
연세암병원,서울특별시 서대문구 연세로 50-1 (신촌동),N,N,N,N,N
부산성모병원,부산광역시 남구 용호로232번길 25-14 (용호동) 1층,N,N,N,N,N
김포공항국내선,서울특별시 강서구 하늘길 112 (공항동),N,N,N,N,N
잠실르엘,서울특별시 송파구 올림픽로 329 (신천동),N,N,N,N,N
한티역8번출구,서울특별시 강남구 도곡로 331 (역삼동),N,Y,N,Y,N
호림아트센터,서울특별시 강남구 도산대로 317 (신사동),N,N,N,N,N
신논현역3번출구,서울특별시 강남구 강남대로 488 (논현동),N,N,N,N,N
한양대복지관,서울특별시 성동구 왕십리로 222 (사근동) 한양대학교 복지관,Y,N,Y,N,N
서초우면,서울특별시 서초구 태봉로 62 (우면동),N,N,N,Y,N
인천스퀘어원4F,인천광역시 연수구 청능대로 210 (동춘동) 4F,N,N,N,N,N
삼성휘문,서울특별시 강남구 영동대로85길 7 (대치동),N,N,N,N,N
울산구영,울산광역시 울주군 범서읍 점촌3길 10-19 1~2층,N,N,N,N,N
수내양지마을,경기도 성남시 분당구 내정로 167 (수내동),N,N,N,N,N
장승배기역,"서울특별시 동작구 장승배기로11가길 11 (상도동, 상도파크자이) 제상가동 제지2층 105호",N,N,Y,N,N
낙성대역7번출구,서울특별시 관악구 남부순환로 1933 (봉천동),N,N,N,N,N
부평청천,인천광역시 부평구 마장로 399 (청천동),N,N,N,N,N
세종대,서울특별시 광진구 능동로 209 (군자동),N,N,N,N,N
고양원당역,경기도 고양시 덕양구 고양대로 1415 (성사동),N,N,N,N,N
강남아이퀘스트,서울특별시 강남구 도곡로 121 (역삼동),N,N,N,N,N
산본이마트,경기도 군포시 산본로 347 (산본동),N,N,N,N,N
인천구월로데오,"인천광역시 남동구 인하로 497-5 (구월동) 1층 102호, 103호",N,N,N,N,N
파주동패,경기도 파주시 청석로 122 (동패동),N,Y,N,N,N
BIFC2,부산광역시 남구 남동천로 128 (문현동) 부산국제금융센터2주건축물제1동 키오스크01호,N,N,N,Y,N
한양대에리카,"경기도 안산시 상록구 한양대학로 55 (사동), 2F 102동 학생복지관",N,N,N,Y,N
미금역6번출구,경기도 성남시 분당구 성남대로 151 (구미동),N,N,N,N,N
뉴코아강남B1,서울특별시 서초구 잠원로 51 (잠원동),N,N,Y,N,N
구의역(대체),서울 광진구 자양로18길 22 (구의동) 101호,N,N,N,N,N
SSG.COM,서울특별시 영등포구 영신로34길 30 (영등포동4가),N,N,N,N,N
대치선릉,서울특별시 강남구 테헤란로70길 12 (대치동),N,N,N,N,N
울산무거,울산광역시 남구 대학로 136 (무거동),N,N,N,N,N
잠실래미안아이파크,서울특별시 송파구 올림픽로35길 45 (신천동) 106-108호,N,N,N,N,N
송파풍납,서울특별시 송파구 토성로 58 (풍납동),N,Y,N,N,N
이대,서울특별시 서대문구 이화여대길 34 (대현동),N,N,N,Y,N
여의도,서울특별시 영등포구 국제금융로2길 28 (여의도동),N,N,N,N,N
압구정역,"서울특별시 강남구 압구정로 170, 관영빌딩 1층 지하1층 (신사동)",N,N,N,N,N
한양대,"서울특별시 성동구 왕십리로 225 (행당동) 1,2층",N,N,Y,N,N
화정,경기도 고양시 덕양구 화신로272번길 57 (화정동),N,N,Y,N,N
하버타운,부산광역시 해운대구 해운대해변로 257 (우동),N,N,N,N,N
인사,서울특별시 종로구 인사동길 14 (인사동),N,N,N,N,N
부평,인천광역시 부평구 경원대로 1397 (부평동),N,N,N,N,N
선릉세화빌딩,서울특별시 강남구 테헤란로64길 18 (대치동) 1층,N,N,N,N,N
수원이마트,경기도 수원시 권선구 경수대로 270 (권선동) 2층,N,N,Y,N,N
뉴코아강남,서울특별시 서초구 잠원로 69 (잠원동) 킴스클럽,N,N,N,N,N
과천이마트,경기도 과천시 별양상가3로 11 이마트 1층(별양동),N,Y,N,N,N
신촌,서울특별시 서대문구 연세로 10-1 (창천동),N,N,N,Y,N
광화문,서울특별시 종로구 세종대로 167 (세종로),N,N,N,N,N
무교동,서울특별시 중구 무교로 21 (무교동) 코오롱빌딩 1층,N,N,N,N,N
삼성,"서울특별시 강남구 테헤란로 443, 애플트리타워 1층 (삼성동)",N,N,N,N,N
태평로,"서울특별시 중구 세종대로 72, 대영빌딩 1층 (태평로2가)",N,N,N,N,N
반월당,대구광역시 중구 달구벌대로 2085 (덕산동) 동아쇼핑,N,N,N,Y,N
광안리,부산광역시 수영구 광안해변로 247 (민락동),N,N,N,N,N
문화일보,서울특별시 중구 새문안로 22 (충정로1가) 문화일보,N,N,N,N,N
충장서림,"광주광역시 동구 충장로 93-5 (금남로2가, 무등맨션)",N,N,N,N,N
적선,"서울특별시 종로구 새문안로5길 55, 노스게이트빌딩 1층 (적선동)",N,N,N,N,N
현대목동,"서울특별시 양천구 목동동로 257 (목동, 현대하이페리온) 지하2층",N,N,N,N,N
안양일번가,경기도 안양시 만안구 안양로292번길 36 (안양동),N,N,N,Y,N
신세계푸드마켓도곡,"서울특별시 강남구 언주로30길 57, 타워팰리스Ⅱ F 지하1층 (도곡동)",N,N,N,N,N
대치,서울특별시 강남구 도곡로 511 (대치동),N,N,N,N,N
고대,서울특별시 성북구 고려대로24길 51 (안암동5가),N,N,Y,N,N
현대중동,경기도 부천시 원미구 길주로 180 (중동),N,N,N,N,N
교대,서울특별시 서초구 서초중앙로 118 (서초동),N,N,N,Y,N
동아수성,"대구광역시 수성구 지범로 191, 동아백화점수성점 1층 (범물동)",N,N,N,Y,N
잠실역,"서울특별시 송파구 송파대로 562 (신천동, 웰리스타워,삼성웰리스아파트) 1층,2층",N,N,N,N,N
퍼시픽타워,"서울특별시 중구 세종대로9길 41, 퍼시픽타워 1층 (서소문동)",Y,N,Y,N,N
강남서초초교,"서울특별시 서초구 서초대로77길 27, 유빌딩 1,2층 (서초동)",N,N,N,N,N
남부터미널,"서울특별시 서초구 서초중앙로 26, 래미안서초유니빌 1층 101호 (서초동)",N,N,N,N,N
방배역,서울특별시 서초구 방배로 84 (방배동),N,Y,N,N,N
숭례문,"서울특별시 중구 세종대로 17, 그레이츠 숭례 1층 (남대문로5가)",N,N,N,N,N
경성대,부산광역시 남구 수영로 312 (대연동),N,N,N,N,N
목동,서울특별시 양천구 목동서로 67 (목동) 우성에펠타운,N,N,N,N,N
학동역,서울특별시 강남구 논현로 704 (논현동),N,N,N,N,N
수유역,서울특별시 강북구 도봉로 342 (번동),N,N,N,Y,N
용산아이파크몰6F,서울특별시 용산구 한강대로23길 55,N,N,N,N,N
선릉역,"서울특별시 강남구 테헤란로 334, LG화재 빌딩 (역삼동)",Y,N,N,N,N
압구정미소,서울특별시 강남구 논현로 841 (신사동),N,N,N,N,N
은행동,대전광역시 중구 중앙로 164 (은행동),N,N,N,N,N
큰길타워,"서울특별시 강남구 테헤란로 223, 큰길타워빌딩 (역삼동)",N,N,N,Y,N
하이브랜드,"서울특별시 서초구 매헌로 16, 리빙관 101호 (양재동)",N,N,Y,N,N
갤러리아팰리스,"서울특별시 송파구 올림픽로 212, 갤러리아 팰리스 (잠실동)",N,N,N,N,N
강남구청역,"서울특별시 강남구 선릉로 669, 웰빙센터 1층 (논현동)",N,N,N,N,N
대치역,서울특별시 강남구 남부순환로 2936 (대치동) 107호,N,N,N,N,N
포이,서울특별시 강남구 논현로 88 (개포동),N,N,N,Y,N
아시아선수촌,서울특별시 송파구 백제고분로 69 (잠실동),N,N,N,N,N
롯데캐슬여의도,"서울특별시 영등포구 의사당대로 127 (여의도동, 롯데캐슬엠파이어) 1층 104호",N,N,N,N,N
GS타워,서울특별시 강남구 논현로 508 (역삼동),Y,N,N,Y,N
스타필드마켓죽전,"경기도 용인시 수지구 포은대로 552, 스타필드마켓 죽전점 1층 (죽전동)",N,N,N,Y,N
장산역,부산광역시 해운대구 해운대로 802 (좌동),N,N,N,N,N
은평이마트,서울특별시 은평구 은평로 111 (응암동),Y,N,N,N,N
환구단,서울특별시 중구 소공로 112 (소공동),N,N,N,N,N
반포역,서울특별시 서초구 신반포로 257 (잠원동) 신반포11차상가,N,N,N,Y,N
정자역,"경기도 성남시 분당구 성남대로343번길 12-2 (정자동), 1~2층",N,N,N,N,N
가산디지털,"서울특별시 금천구 가산디지털1로 168 (가산동), 우림라이온스밸리 B동 1층",N,N,N,Y,N
학여울역,서울특별시 강남구 영동대로 215 (대치동),N,N,N,N,N
숭실대,서울특별시 동작구 사당로 4 (상도동),N,N,N,N,N
아크플레이스,서울특별시 강남구 테헤란로 142 (역삼동),N,N,N,N,N
구로에이스,"서울특별시 구로구 디지털로 285, 에이스트윈타워1차 103호 (구로동)",N,N,N,N,N
경기대,서울특별시 서대문구 충정로 53 (충정로2가),N,N,N,N,N
종각,서울특별시 종로구 종로 64 (종로2가),N,N,Y,N,N
스타필드마켓경산,경상북도 경산시 옥산로 227 (중산동) 경산이마트,N,N,N,N,N
수원매산,경기도 수원시 팔달구 매산로 11 (매산로1가),N,N,N,N,N
춘천이마트,강원특별자치도 춘천시 경춘로 2353 (온의동),N,N,N,N,N
수내,"경기도 성남시 분당구 황새울로 234, 분당트라팰리스 (수내동)",N,N,N,N,N
주얼리시티,서울특별시 종로구 종로 183 (인의동) 효성주얼리시티,N,N,Y,Y,N
오산AB,경기도 평택시 신장로 55 미군기지내BX(스타벅스)(신장동),N,N,N,N,N
인천구월,"인천광역시 남동구 예술로 138 (구월동) 101,102,111,201,209호 일부,210호 일부",N,N,N,N,N
벡스코,"부산광역시 해운대구 APEC로 55, 벡스코내 (우동)",N,N,N,N,N
건대스타시티,서울특별시 광진구 아차산로 262 (자양동),N,N,N,N,N
신세계사우스시티,경기도 용인시 수지구 포은대로 536 (죽전동) 3층,N,N,N,N,N
평촌아크로,"경기도 안양시 동안구 시민대로 230, 평촌아크로타워상가동 2층 8호 (관양동)",N,N,Y,Y,N
정자상떼뷰,"경기도 성남시 분당구 정자일로213번길 18 (정자동, 성원상떼뷰리젠시)",N,Y,N,N,N
현대미아,서울특별시 성북구 동소문로 315 (길음동) 지하1층,N,N,N,N,N
전남대,"광주광역시 북구 우치로 110, 1,2,3층 (용봉동)",N,N,Y,Y,N
여주P.아울렛,경기도 여주시 명품로 360 2400호 (상거동),N,N,N,N,N
신세계마산,경상남도 창원시 마산합포구 합포로 251 (산호동) 신세계백화점 내 지하1층,N,N,Y,N,N
순화동더샵,"서울특별시 중구 칠패로 27, 1층 (순화동)",N,N,N,N,N
하이테크시티,서울특별시 영등포구 경인로 775 (문래동3가) 에이스하이테크시티,N,N,N,N,N
안산중앙역,경기도 안산시 단원구 중앙대로 907 (고잔동),N,N,N,Y,N
산본,경기도 군포시 산본로343번길 9 (산본동) 1층,N,N,N,N,N
마포아크로,서울특별시 마포구 마포대로 68 (도화동) 마포아크로타워,N,N,N,N,N
상암DMC,"서울특별시 마포구 월드컵북로 375, DMC이안오피스텔1단지 102호,202호 (상암동)",N,Y,N,N,N
부천플레이도시,경기도 부천시 원미구 조마루로 2 (상동),N,N,N,N,N
창원상남동,경상남도 창원시 성산구 상남로 132 (상남동),N,N,N,N,N
몬테소리,서울특별시 서초구 강남대로 399 (서초동),Y,N,N,N,N
남부터미널역5번출구,서울특별시 서초구 효령로 274 (서초동),N,N,N,N,N
평택험프리,경기도 평택시 팽성읍 팽성대교길 153 미군부대내 1층 쇼핑몰,N,N,N,N,N
압구정로,서울특별시 강남구 압구정로42길 32 (신사동),N,N,N,N,N
스페이스본,서울특별시 종로구 사직로8길 4 (사직동) 광화문 풍림스페이스본,N,Y,N,N,N
뉴코아야탑,"경기도 성남시 분당구 야탑로81번길 11, 뉴코아 야탑점 아울렛 1층 (야탑동)",N,N,N,N,N
은행사거리,"서울특별시 노원구 중계로 217, 중흥빌딩 103,203호 (중계동)",N,N,N,N,N
이대ECC,서울특별시 서대문구 이화여대길 52 (대현동) 이화여자대학교 B415호,N,N,N,N,N
대구계명대,대구광역시 달서구 계대동문로 13 (신당동),N,N,N,Y,N
연세종합관,"서울특별시 서대문구 연세로 50, 연세세브란스 종합관 (신촌동)",N,N,N,Y,N
서현미래에셋,"경기도 성남시 분당구 황새울로359번길 11, 미래에셋빌딩 1층 (서현동)",N,N,N,N,N
구월로데오,"인천광역시 남동구 인하로 497-22, 2층 (구월동)",N,N,N,Y,N
구역삼사거리,서울특별시 강남구 논현로 401 (역삼동),N,Y,N,N,N
창원시티세븐,경상남도 창원시 성산구 원이대로 320 (대원동),N,Y,Y,N,N
성대입구,서울특별시 종로구 창경궁로 235 (명륜3가),Y,N,N,Y,N
엔터식스,서울특별시 성동구 왕십리광장로 17 (행당동),N,N,N,N,N
대전시청역,대전광역시 서구 둔산로 142 (둔산동),N,N,N,N,N
서래마을입구,서울특별시 서초구 서래로 48 (반포동),N,N,N,N,N
팔레드시즈,"부산광역시 해운대구 해운대해변로298번길 24, 팔래드시즈 1-3호 (중동)",N,N,N,N,N
황학캐슬,서울특별시 중구 청계천로 400 (황학동) 롯데캐슬베네치아,N,Y,N,N,N
구미인동,"경상북도 구미시 인동가산로 9-3, 노블레스타워 1층 (황상동)",N,N,N,N,N
동빙고,서울특별시 용산구 장문로 12 (동빙고동),N,N,N,N,N
마포일진빌딩,"서울특별시 마포구 마포대로 45, 일진빌딩 1층 (도화동)",N,Y,N,N,N
춘천명동,강원특별자치도 춘천시 중앙로 55 (중앙로2가),N,N,N,N,N
현대동구,울산광역시 동구 방어진순환도로 899 (서부동) 현대백화점주차장,N,N,N,N,N
애오개역,"서울특별시 마포구 마포대로 201, 마포트라팰리스II (아현동)",N,N,N,N,N
대구캠프워커,대구광역시 남구 용두1길 92 미군기지 대구캠프워커 (봉덕동),N,N,N,N,N
삼성현대힐,서울특별시 강남구 삼성로 605 (삼성동),N,N,N,N,N
군산AB,전북특별자치도 군산시 옥서면 산동길 2,N,N,N,N,N
구월길병원,인천광역시 남동구 남동대로 773 가천대길병원 인공지능병원(구월동),N,N,N,N,N
대전탄방,"대전광역시 서구 문정로 78, 정우빌딩 1층 (탄방동)",N,Y,N,N,N
진주경상대,경상남도 진주시 진주대로 510 (가좌동),N,N,N,N,N
신림타임스트림,서울특별시 관악구 신림로 330 타임스트림 1층,Y,N,N,N,N
서초역,서울특별시 서초구 반포대로 118 (서초동),N,N,N,Y,N
신림,서울특별시 관악구 신림로 355-1 (신림동),N,N,N,N,N
영동2교,"서울특별시 서초구 논현로 139, 대흥빌딩 (양재동)",N,N,N,N,N
여주P.아울렛입구,경기도 여주시 명품로 360 2004호 (상거동),N,N,N,N,N
타임스퀘어2F,서울특별시 영등포구 영중로 15 지상2층 (영등포동4가),N,N,N,N,N
둔산은하수,"대전광역시 서구 둔산로31번길 28, 금정빌딩 1층 (둔산동)",N,N,N,Y,N
건대입구,서울특별시 광진구 능동로 107 (화양동),N,N,N,N,N
남산단암,"서울특별시 중구 소월로 10, 단암빌딩 (남대문로5가)",N,N,N,N,N
서면역,부산광역시 부산진구 서전로 1 (부전동),N,N,N,Y,N
수내역,"경기도 성남시 분당구 백현로101번길 30, 1-2층 (수내동)",N,N,N,Y,N
사당역,"서울특별시 동작구 동작대로 21, 양지빌딩 1-3층 (사당동)",N,N,N,N,N
마로니에공원,"서울특별시 종로구 대학로 116, 1-2층 (동숭동)",N,N,N,N,N
아크로힐스논현,"서울특별시 강남구 봉은사로 304, 금강빌딩 1-2층 (역삼동)",N,N,N,N,N
르네상스사거리,서울특별시 강남구 테헤란로 306 (역삼동),N,N,N,N,N
주안역,"인천광역시 미추홀구 주안로 100 (주안동) 1층,2층",N,N,N,N,N
문래동,"서울특별시 영등포구 선유로 64, 대창타운빌 1층 (문래동3가)",N,N,N,N,N
연수이마트,인천광역시 연수구 경원대로 184 (동춘동),N,N,N,Y,N
신촌명물거리,"서울특별시 서대문구 명물길 24, 1-5층 (창천동)",N,Y,N,N,N
포스코,"서울특별시 강남구 삼성로86길 7, 1층 (대치동)",N,N,N,N,N
서울교대,"서울특별시 서초구 서초중앙로 64, 1층 (서초동)",N,N,N,Y,N
충정타워,"서울특별시 서대문구 서소문로 21, 충정타워빌딩 1층 (충정로3가)",N,N,N,N,N
영등포본동,서울특별시 영등포구 영등포로 254 (영등포동3가),N,Y,N,N,N
강남대,"경기도 용인시 기흥구 강남로 3, 강남&플러스 1층(구갈동)",N,N,N,N,N
종로3가,"서울특별시 종로구 종로 113-1, 1-4층 (종로3가)",N,N,N,N,N
구로하이엔드,"서울특별시 구로구 디지털로26길 5, 에이스하이엔드타워1차 103호 (구로동)",N,N,N,N,N
압구정로데오역,"서울특별시 강남구 선릉로 836, 삼원빌딩 1,2층 (청담동)",N,N,N,N,N
여의도의사당,서울특별시 영등포구 국회대로74길 12 (여의도동),N,N,N,Y,N
오리역,"경기도 성남시 분당구 성남대로 32, 1층 (구미동)",N,N,N,N,N
석촌역,"서울특별시 송파구 백제고분로 358, 1층 (석촌동)",N,N,Y,N,N
경희대,서울특별시 동대문구 경희대로 16-1 (회기동),N,N,N,N,N
부평역,"인천광역시 부평구 경원대로 1377, 1-4층 (부평동)",N,N,Y,N,N
구성트레이더스,경기도 용인시 기흥구 용구대로 2457 (보정동),N,N,N,N,N
청주지웰시티,충청북도 청주시 흥덕구 대농로 43 (복대동) 신영지웰시티 1차 상업시설,N,N,N,Y,N
대전호텔,"대전광역시 서구 둔산중로134번길 13, 토요코인호텔 1층  (둔산동)",N,N,N,Y,N
경복궁역,"서울특별시 종로구 자하문로4길 6, 1층 (통의동)",N,N,N,Y,N
종로관철,"서울특별시 종로구 종로12길 21, 2층 (관철동)",N,N,N,N,N
수지이마트,경기도 용인시 수지구 수지로 203 (신봉동),N,Y,N,N,N
광주봉선,"광주광역시 남구 봉선로 176, 1층 101,111호 (봉선동)",N,Y,N,Y,N
망원역,서울특별시 마포구 월드컵로 74 (서교동),N,N,N,N,N
포항영일대비치,경상북도 포항시 북구 삼호로 186 (항구동),N,N,N,N,N
서면중앙,부산광역시 부산진구 서면로68번길 1 (부전동),N,N,N,N,N
동부이촌동,서울특별시 용산구 이촌로 198 (이촌동),N,N,N,N,N
과천,"경기도 과천시 중앙로 129, 고려빌딩 1층 (중앙동)",N,N,N,N,N
가산브이타워,"서울특별시 금천구 가산디지털1로 128 (가산동), V-TOWER 1층",N,N,N,N,N
숙대입구역,서울특별시 용산구 한강대로 291 (갈월동),N,N,N,Y,N
파주P.아울렛2F,경기도 파주시 탄현면 필승로 200 715호,N,N,N,N,N
여의도호성,"서울특별시 영등포구 여의대방로65길 24, 호성빌딩 1층 (여의도동)",N,N,N,N,N
상무치평,"광주광역시 서구 상무자유로 173, 1층 (치평동)",N,N,N,N,N
남포동역,"부산광역시 중구 구덕로 4, 1~2층 (광복동1가)",N,N,N,N,N
웨스턴돔B,경기도 고양시 일산동구 정발산로 24 (장항동),N,N,N,N,N
광산수완,"광주광역시 광산구 장신로 134, 1~2층 (수완동)",N,N,N,N,N
을지로한국빌딩,"서울특별시 중구 을지로 50, 1층 (을지로 2가)",N,N,N,N,N
경복궁사거리,"서울특별시 종로구 율곡로 6, B동 101호(중학동, 트윈트리타워)",N,Y,N,N,N
서현역,"경기도 성남시 분당구 서현로210번길 20, 1층 (서현동)",N,Y,N,N,N
천안이마트,충청남도 천안시 서북구 충무로 187 (쌍용동) 천안이마트 1층,N,N,N,N,N
반야월이마트,"대구광역시 동구 안심로 389-2, 이마트 1층 (신서동)",N,N,N,N,N
양산이마트,"경상남도 양산시 양산역6길 12, 양산이마트 1층 (중부동)",N,N,N,N,N
스타필드마켓동탄,"경기도 화성시 동탄중앙로 376, 동탄이마트 2층 (석우동)",N,N,N,Y,N
상무역,"광주광역시 서구 상무중앙로 7, 1층 (치평동)",N,N,N,N,N
분당이마트,경기도 성남시 분당구 불정로 134 (정자동),Y,N,N,Y,N
신압구정,서울특별시 강남구 언주로174길 29 (신사동),N,N,N,N,N
범계로데오,경기도 안양시 동안구 평촌대로 223 (호계동),N,N,N,N,N
교대법원,서울특별시 서초구 서초중앙로 164 (서초동),N,N,Y,N,N
홍대삼거리,서울특별시 마포구 와우산로 64 (상수동),N,N,N,N,N
순천조례,전라남도 순천시 비봉2길 9 (조례동),N,N,N,N,N
이마빌딩,서울특별시 종로구 종로1길 42 (수송동),N,N,N,Y,N
가든파이브,서울특별시 송파구 충민로 10 (문정동) 가든파이브툴,N,N,N,N,N
청주터미널,충청북도 청주시 흥덕구 풍산로 15 (가경동),N,N,N,N,N
월평트레이더스,대전광역시 서구 한밭대로 580 (월평동),N,N,N,N,N
금정이마트,부산광역시 금정구 중앙대로1841번길 24 (구서동),N,N,N,N,N
수성레이크,대구광역시 수성구 수성못길 4 (두산동),N,N,N,N,N
타임스퀘어B2,"서울특별시 영등포구 영중로 15, 지하2층 (영등포동4가)",N,N,N,N,N
야탑글라스,경기도 성남시 분당구 성남대로916번길 11 (야탑동),N,N,N,N,N
동대구터미널,대구광역시 동구 동부로30길 12 (신천동),N,N,N,N,N
김해내동,경상남도 김해시 경원로 67 (내동),N,N,N,N,N
인하대,인천광역시 미추홀구 인하로 59 (용현동),Y,N,N,N,N
서면센트럴스퀘어,부산광역시 부산진구 중앙대로666번길 50 (부전동),N,N,N,N,N
논현힐탑,서울특별시 강남구 논현로 648 (논현동),N,N,N,N,N
서면트레이더스,부산광역시 부산진구 시민공원로 31 (부암동),N,N,N,N,N
도산가로수길,"서울특별시 강남구 도산대로 134, 2층 (논현동)",N,N,N,N,N
동숭로아트,서울특별시 종로구 동숭길 110 (동숭동),N,N,N,N,N
월드마크센텀,"부산광역시 해운대구 센텀동로 25, 1층 (우동)",N,N,N,N,N
부천상동,경기도 부천시 원미구 상동로 87 (상동),N,N,N,Y,N
송내역,경기도 부천시 원미구 부일로 204 (상동),N,N,N,N,N
산본역,"경기도 군포시 번영로 497, 금화프라자 1층 (산본동)",Y,N,N,N,N
판교H스퀘어,"경기도 성남시 분당구 판교역로 231, 에이치스퀘어 (삼평동)",N,N,N,N,N
신세계광주신관B1,"광주광역시 서구 죽봉대로 61, 패션스트리트 B01호 (화정동)",N,N,N,N,N
연대,서울특별시 서대문구 연세로 35 (창천동),N,Y,N,N,N
구미공단,"경상북도 구미시 1공단로 212, HALLA SIGMA VALLEY 106 (공단동)",N,N,N,Y,N
부전역,"부산광역시 부산진구 중앙대로 777, 서면호텔 복합시설1,2층 (부전동)",N,N,N,N,N
산본동,"경기도 군포시 산본로 398, 태주빌딩 2층",N,N,N,N,N
대전가오,대전광역시 동구 동구청로 101 (가오동),N,Y,N,Y,N
연대동문,서울특별시 서대문구 성산로 565 (대신동),N,N,N,N,N
여수여천,전라남도 여수시 망마로 39 (학동),Y,N,N,Y,N
군산수송,전북특별자치도 군산시 수송로 195 (수송동),N,N,N,N,N
한성대입구역,서울특별시 성북구 성북로 11 (성북동1가),Y,N,N,N,N
창원용지호수,경상남도 창원시 성산구 용지로169번길 1 (용호동),N,N,Y,Y,N
통영이마트,경상남도 통영시 광도면 죽림4로 9,N,N,N,N,N
서초동,"서울특별시 서초구 남부순환로339길 64, 현우빌딩 1층 (서초동)",N,N,N,Y,N
서울대입구역,서울특별시 관악구 남부순환로 1812 (봉천동),N,N,N,N,N
정자아데나,경기도 성남시 분당구 성남대로 275 (정자동),N,N,N,Y,N
전주경원,전북특별자치도 전주시 완산구 전주객사4길 44-18 (고사동),N,N,N,N,N
역삼럭키,서울특별시 강남구 도곡로 183 (역삼동),N,N,N,N,N
이천터미널,경기도 이천시 중리천로 84 (중리동),N,N,Y,N,N
명지오션시티,부산광역시 강서구 명지오션시티11로 66 (명지동),N,N,N,N,N
광명철산,경기도 광명시 오리로 865 (철산동),N,N,N,N,N
마포이마트,서울특별시 마포구 백범로 212 (신공덕동) 마포이마트,Y,N,Y,N,N
가락시장역,"서울특별시 송파구 중대로 121, 롯데캐슬 파인힐 1층 (가락동)",N,N,Y,Y,N
분당정자,"경기도 성남시 분당구 성남대로 393, 두산위브파빌리온 1층 (정자동)",N,N,N,Y,N
광주용봉,광주광역시 북구 저불로 45 (용봉동),N,N,N,N,N
대구성서,"대구광역시 달서구 이곡공원로 26, 이곡메디컬빌딩 (이곡동)",N,N,N,N,N
장한평역,서울특별시 동대문구 장한로 10 (장안동),N,N,N,Y,N
강남GT타워,"서울특별시 서초구 서초대로 411, GT타워 (서초동)",N,N,N,N,N
코엑스사거리,서울특별시 강남구 영동대로 616 (삼성동),N,N,N,N,N
충정로역,서울특별시 서대문구 충정로 23,N,N,N,N,N
익산영등,전북특별자치도 익산시 무왕로 1052 (영등동),N,N,N,Y,N
마두역,경기도 고양시 일산동구 중앙로 1191 (장항동),N,N,N,Y,N
을지로삼화타워,서울특별시 중구 을지로5길 16 (을지로2가) 1층,N,N,N,Y,N
천안두정,충청남도 천안시 서북구 부성4길 3 (부성1동),N,N,N,N,N
광운대,서울특별시 노원구 석계로 104 (월계동),N,N,N,N,N
상봉역,서울특별시 중랑구 망우로 307 (상봉동),N,N,N,Y,N
센텀드림월드,"부산광역시 해운대구 센텀2로 25, 센텀드림월드 1층 (우동)",N,Y,N,N,N
제니스스퀘어,"부산광역시 해운대구 마린시티2로 33, 제니스스퀘어 (우동)",N,N,N,Y,N
강원대,강원특별자치도 춘천시 서부대성로 243-1 (효자동),N,N,N,N,N
하단중앙,부산광역시 사하구 낙동남로 1411 (하단동),N,N,N,N,N
강남비젼타워,"서울특별시 강남구 테헤란로2길 27, 1층 101호 (역삼동)",N,N,N,Y,N
수원영통,"경기도 수원시 영통구 봉영로 1617, 훼미리타워 1층 (영통동)",N,N,N,N,N
수지풍덕천,"경기도 용인시 수지구 수지로296번길 51-11, 비즈마루빌딩 1층 101호 (풍덕천동)",N,Y,N,N,N
가락본동,서울특별시 송파구 송파대로30길 13 (가락동),N,N,N,Y,N
해운대이마트,부산광역시 해운대구 좌동순환로 511 (중동) 1층,N,N,N,Y,N
신세계의정부2F,"경기도 의정부시 평화로 525, 신세계백화점 2층 (의정부동)",N,N,N,N,N
신세계의정부6F,"경기도 의정부시 평화로 525, 신세계백화점 6층 (의정부동)",N,N,N,N,N
성신여대,서울특별시 성북구 동소문로24길 12 (동선동1가),N,N,N,N,N
미아역,서울특별시 강북구 도봉로 196 (미아동),N,Y,N,N,N
동성로로데오,대구광역시 중구 동성로5길 62 (삼덕동1가),N,N,N,N,N
경북대,대구광역시 북구 대학로 75 (산격동),N,N,N,Y,N
서현N타운,경기도 성남시 분당구 황새울로335번길 5 (서현동),N,N,N,N,N
시청,"서울특별시 중구 을지로 19, 삼성화재삼성빌딩 1층 (을지로1가)",N,N,N,N,N
안산트레이더스,경기도 안산시 단원구 중앙대로 397 (신길동),N,N,N,N,N
광장,서울특별시 광진구 아차산로 537-17 (광장동),N,N,N,Y,N
동성로광장,대구광역시 중구 동성로 4 (동성로3가),N,N,N,N,N
제주중문,제주특별자치도 서귀포시 중문관광로110번길 32 (색달동),N,N,N,N,N
전북대,전북특별자치도 전주시 덕진구 명륜4길 12 (덕진동1가),N,N,N,N,N
청주서문,충청북도 청주시 상당구 무심동로392번길 20 (서문동),N,N,N,N,N
마린시티아이파크,부산광역시 해운대구 마린시티2로 38 (우동),Y,N,Y,Y,N
구산역,서울특별시 은평구 연서로 146 (대조동),N,N,N,N,N
아주대,경기도 수원시 팔달구 월드컵로 205 (우만동),N,N,N,N,N
캠프케이시,경기도 동두천시 평화로 2557-1 미군기지 캠프케이시 內 PX,N,N,N,N,N
건국클래식,서울특별시 광진구 능동로 90 (자양동) 더 클래식500,N,N,N,N,N
부산사직,부산광역시 동래구 사직북로 24 (사직동),N,N,N,Y,N
대전테크노밸리,대전광역시 유성구 테크노4로 105 (관평동),N,N,N,N,N
노원KT,"서울특별시 노원구 노해로 502, (주)KT 노원사옥 (상계동)",N,N,N,N,N
판교HIPEX,"경기도 성남시 분당구 판교역로 230, 판교 삼환 HIPEX (삼평동)",Y,N,N,Y,N
오리역삼거리,경기도 성남시 분당구 성남대로 45 (구미동),N,N,N,N,N
경주보문로DT,"경상북도 경주시 보문로 510-6, 외 1번지(신평동 719-220) (천군동)",N,N,N,N,N
여의도IFC(1F),서울특별시 영등포구 국제금융로 10 (여의도동),N,N,N,N,N
화정역,경기도 고양시 덕양구 화신로260번길 57 (화정동),N,N,N,N,N
현대충청,충청북도 청주시 흥덕구 직지대로 308 (복대동),N,N,N,N,N
인천논현,"인천광역시 남동구 논고개로 93, 111,112, 206, 207호 (논현동)",N,N,N,N,N
합정메세나몰,"서울특별시 마포구 양화로 45 (서교동, 메세나폴리스)",N,N,N,Y,N
성산일출봉,"제주특별자치도 서귀포시 성산읍 일출로 284-5 1,2층",N,N,N,N,N
대구범어제니스,"대구광역시 수성구 달구벌대로 2435, 두산위브더제니스아파트 상가 1층 110호 (범어동)",N,N,N,Y,N
포항시청,경상북도 포항시 남구 시청로 5 (대잠동),N,N,N,N,N
까치산역,서울특별시 강서구 강서로13길 3 (화곡동),N,N,N,N,N
군산대,전북특별자치도 군산시 황룡로 7 (미룡동),N,N,N,N,N
안암역,서울특별시 성북구 고려대로 102-2 (안암동5가),N,N,N,N,N
마리오아울렛,서울특별시 금천구 벚꽃로 266 마리오아울렛3관,N,N,N,N,N
대구서부정류장역,대구광역시 달서구 구마로 265 (성당동),N,N,N,N,N
수원인계,경기도 수원시 팔달구 권광로 199 (인계동),N,N,N,N,N
원주터미널,강원특별자치도 원주시 서원대로 178 (단계동),N,N,N,N,N
충북대,충청북도 청주시 서원구 내수동로 113 (사창동),N,N,N,N,N
경남대,경상남도 창원시 마산합포구 월영남로 3 (해운동),N,Y,N,N,N
시화로데오,경기도 시흥시 중심상가2길 20-5 (정왕동),N,N,Y,Y,N
선릉로,"서울특별시 강남구 선릉로93길 22, 대흥빌딩 1층 (역삼동)",N,N,N,Y,N
포포인츠구로,"서울특별시 구로구 디지털로32길 72, 포포인츠바이쉐라톤 구로 1층 (구로동)",N,N,N,N,N
광주진월,광주광역시 남구 서문대로 745 (주월동),N,N,N,N,N
부산온천장역,"부산광역시 동래구 중앙대로 1523, SK허브스카이위아아파트 1층 (온천동)",N,N,N,Y,N
대학로,"서울특별시 종로구 대학로 57, 홍익대학교 대학로캠퍼스 內 (연건동)",N,N,N,Y,N
정자,"경기도 성남시 분당구 정자일로 166, SPG센터 (정자동)",N,N,N,N,N
종로관수,서울특별시 종로구 삼일대로20길 13 (관수동),N,N,N,N,N
김해삼계,경상남도 김해시 가야로 182 (삼계동),N,N,N,N,N
명동역,"서울특별시 중구 퇴계로 101, 건물 전체 (충무로 1가)",N,N,N,N,N
부산괴정역,부산광역시 사하구 사하로186번길 6 (괴정동),N,N,N,N,N
대구동촌유원지,대구광역시 동구 효동로2길 45 (효목동),N,N,N,N,N
센텀KNN,부산광역시 해운대구 센텀서로 30 (우동),N,N,N,N,N
인덕원역,"경기도 안양시 동안구 흥안대로 519, 아이퍼스트타워 1~2층 (관양동)",N,N,N,Y,N
중계역,"서울특별시 노원구 동일로 1339, 대한빌딩 (상계동)",N,N,N,N,N
서면메디컬거리,"부산광역시 부산진구 가야대로 783-1, 1층 (부전동)",N,N,N,N,N
소공로,"서울특별시 중구 남대문로7길 19, 삼영빌딩 1층 일부 (소공동)",N,N,N,N,N
용인보정,"경기도 용인시 기흥구 죽전로 20, 죽전누리에뜰상가 (보정동)",N,N,N,N,N
수원성균관대,"경기도 수원시 장안구 서부로 2131, 1층 4,5,6호 2층1,2호 (율전동)",N,N,N,N,N
월계이마트,서울특별시 노원구 마들로3길 15 (월계동),N,N,N,Y,N
수원망포역,경기도 수원시 영통구 영통로 195 (망포동),Y,N,N,Y,N
동탄광장,"경기도 화성시 동탄지성로 17, 풍성 위버폴리스  (반송동)",N,N,N,N,N
부산동대신역,부산광역시 서구 구덕로322번길 7 (동대신동3가),N,Y,Y,N,N
올림픽아파트,서울특별시 송파구 양재대로 1220 (방이동),N,N,N,N,N
분당서울대병원1,"경기도 성남시 분당구 구미로173번길 82, 분당서울대학교병원 신관 1층 (구미동)",N,N,N,N,N
분당서울대병원4,"경기도 성남시 분당구 구미로173번길 82, 분당서울대학교병원 신관 4층 (구미동)",N,N,N,Y,N
노원역,서울특별시 노원구 동일로 1413 (상계동) 1층,Y,N,N,Y,N
김포장기,"경기도 김포시 김포한강4로 117, 홍우프라자 102~105호 (장기동)",N,Y,N,N,N
강남에비뉴,"서울특별시 서초구 서초대로77길 62, 강남역아이파크 B102~B105 (서초동)",N,Y,N,N,N
충주연수,충청북도 충주시 계명대로 227 (연수동),N,N,N,N,N
부평시장역,"인천광역시 부평구 부평대로 60, 현대해상화재보험 1층 (부평동)",N,N,N,N,N
삼성교,"서울특별시 강남구 영동대로86길 12, 동남유화빌딩 1층",N,N,N,Y,N
구리돌다리,"경기도 구리시 검배로 5, 우진빌딩 (수택동)",N,N,N,N,N
평내호평역,"경기도 남양주시 늘을1로16번길 25, 성보빌딩 (호평동)",N,Y,N,N,N
대전월평,대전광역시 서구 청사로123번길 25 (월평동),N,N,N,N,N
인천작전,"인천광역시 계양구 계양대로 37, 1층 (작전동)",N,N,N,Y,N
순천향입구,서울특별시 용산구 대사관로 67 (한남동),N,N,N,N,N
비발디파크,강원특별자치도 홍천군 서면 한치골길 262,N,N,N,N,N
월곡역,"서울특별시 성북구 화랑로 76, 101-1호 (하월곡동)",N,N,N,N,N
동탄,"경기도 화성시 메타폴리스로 54 (반송동, 동탄파라곤II) 1층",N,N,N,N,N
오창과학단지,충청북도 청주시 청원구 오창읍 과학산업2로 385,N,N,N,N,N
포항이마트,"경상북도 포항시 남구 냉천로 10, 이마트 포항점 1층 (인덕동)",N,N,N,N,N
평택송탄,경기도 평택시 관광특구로 38 (서정동),N,N,N,N,N
목동5단지,"서울특별시 양천구 목동동로 411, 1동 116호(목동, 부영그린타운3차)",N,N,N,N,N
백석역DT,"경기도 고양시 일산동구 중앙로 1054, 1층 (백석동)",Y,Y,N,N,N
대구만촌DT,"대구광역시 수성구 달구벌대로 2636, , 853-25번지 (만촌동)",N,N,N,N,N
창원상남중앙,경상남도 창원시 성산구 마디미로 20 (상남동),N,Y,N,Y,N
소노캄거제,경상남도 거제시 일운면 거제대로 2660 1층 110호,N,N,N,N,N
강남대로,"서울특별시 강남구 강남대로 456, 한석타워 2층 1-2호 (역삼동)",N,N,N,N,N
라페스타광장,경기도 고양시 일산동구 중앙로1275번길 38-9 (장항동),N,N,N,N,N
역삼대로,"서울특별시 강남구 테헤란로 211, 한국고등교육재단빌딩 1층 (역삼동)",N,N,N,N,N
창원리베라,경상남도 창원시 성산구 중앙대로100번길 9 (상남동),N,N,N,N,N
강릉안목해변,강원특별자치도 강릉시 창해로14번길 40 (견소동),N,N,N,N,N
보라매대교빌딩,서울특별시 관악구 보라매로3길 23 (봉천동) 1층,N,N,Y,Y,N
송림트레이더스,"인천광역시 동구 봉수대로 82, 이마트 트레이더스송림점1층 (송림동)",N,N,N,N,N
역삼포스코,"서울특별시 강남구 테헤란로 134, P&S TOWER (역삼동)",N,N,N,N,N
송도센트럴파크,인천광역시 연수구 센트럴로 194 (송도동),N,N,N,N,N
용인처인구청,경기도 용인시 처인구 금령로 60 (김량장동),N,N,N,N,N
목포평화광장,전라남도 목포시 미항로 137 (상동),N,N,N,N,N
동교,"서울특별시 마포구 월드컵북로 22, 영준빌딩 1층 (동교동)",N,N,N,N,N
부산서면,부산광역시 부산진구 중앙대로692번길 46-10 (부전동),N,N,N,N,N
부산화명역,부산광역시 북구 금곡대로285번길 5 (화명동),N,N,N,Y,N
의정부금오,"경기도 의정부시 청사로48번길 7, 대송프라자 (금오동)",N,N,N,N,N
진주신안,경상남도 진주시 진양호로 353 (신안동),N,N,N,Y,N
잠실새내역,서울특별시 송파구 올림픽로 96 (잠실동),N,Y,N,N,N
부산송정비치,부산광역시 해운대구 송정해변로 36 (송정동),N,N,N,N,N
부천시청역,경기도 부천시 원미구 길주로 181 (중동),N,N,N,N,N
광나루,"서울특별시 광진구 아차산로 607, 1,2층 (광장동)",N,N,Y,N,N
대구칠곡,대구광역시 북구 학정로 422 (구암동) 태을빌딩,N,N,N,N,N
이천하이닉스,"경기도 이천시 부발읍 경충대로 2100 외 101호, 102호, 201호",N,N,N,N,N
잠실푸르지오월드,"서울특별시 송파구 올림픽로35가길 9, 잠실푸르지오월드마크 1층 (신천동)",N,N,N,N,N
안산한양대,"경기도 안산시 상록구 성안길 82-3, B동 1층 (사동)",N,N,N,N,N
구로디지털로,"서울특별시 구로구 디지털로33길 11, 에이스테크노8차 1층 (구로동)",N,N,N,Y,N
센트럴시티,서울특별시 서초구 신반포로 176 (반포동),N,N,N,N,N
신제주이마트,"제주특별자치도 제주시 1100로 3348, 신제주이마트 1층 (노형동)",N,N,N,N,N
안산중앙,"경기도 안산시 단원구 고잔로 102, 스타타워 1층 (고잔동)",N,N,N,N,N
청담,"서울특별시 강남구 도산대로 532, 인희빌딩 1층 (청담동)",N,N,Y,N,N
일산주엽,"경기도 고양시 일산서구 중앙로 1420, 1층 (주엽동)",N,N,N,N,N
가로수길,"서울특별시 강남구 논현로175길 94, 1~2층 (신사동)",N,Y,N,N,N
대구수성하이츠,"대구광역시 수성구 수성로 393, 수성하이츠 1층 (수성동4가)",N,N,N,N,N
부산정관,부산광역시 기장군 정관읍 정관로 579,N,N,N,Y,N
안산한대앞역,"경기도 안산시 상록구 광덕1로 379, 한남빌딩 1~2층 (이동)",N,N,N,Y,N
광주동림,"광주광역시 서구 하남대로 672-1, 1층 (동천동)",N,N,N,N,N
신당역,"서울특별시 중구 퇴계로 385, 1층 (흥인동)",N,N,N,N,N
상일동,"서울특별시 강동구 상일로10길 36, 1~2층 (상일동)",N,N,N,N,N
대전송촌,"대전광역시 대덕구 송촌북로36번길 36, 1층 (송촌동)",N,N,N,N,N
홍대역,"서울특별시 마포구 양화로 165, 상진빌딩 1층 (동교동)",Y,N,N,N,N
대화역,"경기도 고양시 일산서구 중앙로 1559, 시티타워 1~2층 (대화동)",N,N,N,N,N
영남대,"경상북도 경산시 청운로 16, 1~3층 (대동)",N,Y,N,N,N
부산대연역,"부산광역시 남구 수영로 240-1, 1층 (대연동)",N,N,N,N,N
부산서면중앙로,부산광역시 부산진구 중앙대로 701 (부전동),N,N,N,N,N
안산문화광장,"경기도 안산시 단원구 광덕대로 154, ,771-4 로데오타운1층 (고잔동)",N,Y,N,N,N
광주하남,"광주광역시 광산구 사암로216번길 38-16, 1~2층 (우산동)",Y,N,N,N,N
부평사거리,"인천광역시 부평구 부평문화로 52, 1~2층 (부평동)",N,N,N,Y,N
구미금오산DT,경상북도 구미시 금오산로 205 (남통동),N,N,N,N,N
한티역,"서울특별시 강남구 도곡로 408, 디마크빌딩 101호 (대치동)",N,N,N,N,N
광주상무대교,"광주광역시 서구 상무중앙로 90, 눈높이상무센터 1층 (치평동)",N,N,N,N,N
서산호수,"충청남도 서산시 호수공원2로 33, 1~2층 (읍내동)",N,N,N,N,N
대전노은,"대전광역시 유성구 은구비남로33번길 26, 1~2층 (지족동)",N,Y,N,N,N
송도커넬워크,인천광역시 연수구 아트센터대로 131 (송도동),N,N,N,N,N
당진문예의전당,충청남도 당진시 시청1로 78 (읍내동) 1층,N,N,N,N,N
파주금릉역,"경기도 파주시 금릉역로 84, 청원센트럴타워 1층 (금촌동)",N,N,N,N,N
석촌호수,서울특별시 송파구 석촌호수로 262 (송파동),N,N,N,Y,N
염창역,서울특별시 강서구 공항대로 627 (염창동),N,N,N,N,N
여의도일신,서울특별시 영등포구 은행로 11 (여의도동) 1층 1부,N,N,N,N,N
소노델피노,강원특별자치도 고성군 토성면 미시령옛길 1153,N,Y,N,N,N
방이역,"서울특별시 송파구 마천로 53, 1~2층 (오금동)",N,Y,N,Y,N
부산대역,"부산광역시 금정구 장전로12번길 64, 1~4층 (장전동)",N,N,N,Y,N
양산범어,경상남도 양산시 물금읍 범어로 62,N,N,N,N,N
부산덕천역,부산광역시 북구 만덕대로 30 (덕천동),N,N,N,N,N
울산디자인거리,"울산광역시 남구 삼산중로74번길 30-1, 1~2층 (삼산동)",N,N,N,N,N
수원IC DT,경기도 용인시 기흥구 중부대로 56,N,N,N,N,N
김해율하,경상남도 김해시 율하카페길 77 (관동동) 1층,N,N,N,N,N
세종청사,세종특별자치시  도움8로 81 (어진동),N,N,N,N,N
광주장덕,광주광역시 광산구 장신로 85 (장덕동),N,N,N,N,N
수내로,경기도 성남시 분당구 수내로46번길 12 (수내동) 코아빌딩,N,N,N,N,N
경주보문호수DT,경상북도 경주시 보문로 132-6 (북군동),N,Y,N,N,N
여의도한양증권,서울특별시 영등포구 국제금융로6길 7 (여의도동) 한양증권,N,N,N,N,N
일산탄현제니스,경기도 고양시 일산서구 일현로 97-11 (일산위브더제니스스퀘어1동147~151),N,N,N,N,N
당산,서울특별시 영등포구 양평로 64 (당산동6가),N,N,N,N,N
삼선교,서울특별시 성북구 동소문로 10 (동소문동2가),N,N,N,Y,N
서초중앙로,서울특별시 서초구 서초중앙로 225,N,N,N,N,N
서초파라곤,서울특별시 서초구 서초대로74길 29 (서초동) 서초파라곤,N,N,N,N,N
진주중안,경상남도 진주시 진양호로527번길 3 (중안동),N,N,Y,N,N
광주첨단,광주광역시 광산구 첨단중앙로 104 (월계동),N,Y,N,N,N
발산역,서울특별시 강서구 강서로 388 (등촌동) 그랜드마트,N,N,N,Y,N
사당,서울특별시 관악구 남부순환로 2082-25,N,N,N,Y,N
부산교대,부산광역시 연제구 교대로 20-2 (거제동),N,N,Y,N,N
서면서전로,부산광역시 부산진구 서전로 19 (부전동),Y,N,N,N,N
하남시청,경기도 하남시 대청로 34 (신장동),N,Y,N,Y,N
진해용원,경상남도 창원시 진해구 안골로 336 (용원동) 형제빌딩,N,N,N,N,N
청담사거리,서울특별시 강남구 도산대로 458 (청담동) 리츠타워,N,N,N,N,N
여수여서,전라남도 여수시 여문1로 49 (여서동),N,N,N,Y,N
김포풍무DT,경기도 김포시 풍무로 45 (풍무동),N,N,N,N,N
부천중동,경기도 부천시 원미구 신흥로 161 (중동),N,Y,N,N,N
제주송악산,제주특별자치도 서귀포시 대정읍 형제해안로 322,N,N,N,N,N
천호이마트,서울특별시 강동구 천호대로 1015-14 (천호동) 이마트별관,N,N,N,N,N
코엑스몰,서울특별시 강남구 영동대로 513 (삼성동) O103호,N,N,N,N,N
서울역동자동,서울특별시 용산구 한강대로 372 (동자동),N,N,N,N,N
대전중앙로R,대전광역시 중구 대종로 486 (은행동),N,N,N,N,N
공주신관,충청남도 공주시 번영1로 113 (신관동),N,N,N,N,N
서울아트센터,서울특별시 서초구 남부순환로 2395 (서초동) 호경빌딩,N,N,N,Y,N
역삼초교사거리,서울특별시 강남구 역삼로 123 (역삼동),N,N,N,N,N
내방역,서울특별시 서초구 방배로 184 (방배동) 대풍빌딩,N,Y,N,N,N
센텀그린타워,부산광역시 해운대구 센텀중앙로 78 (우동),N,N,N,N,N
청주강서,충청북도 청주시 흥덕구 강서로 121 (강서동),N,N,N,N,N
포항중앙,경상북도 포항시 북구 불종로 41 (신흥동),N,N,N,Y,N
김포시청,경기도 김포시 사우중로 35 (사우동),N,N,N,N,N
대구침산DT,대구광역시 북구 침산로 126 (침산동),N,N,N,N,N
경희대국제캠퍼스,경기도 수원시 영통구 덕영대로 1695 (영통동),N,N,N,N,N
군자역,서울특별시 광진구 천호대로 548 (군자동) 중앙빌딩,N,N,N,N,N
인천예술회관역,인천광역시 남동구 예술로 174 (구월동) 흥국생명,N,N,N,Y,N
전북도청,전북특별자치도 전주시 완산구 홍산중앙로 22 (효자동3가),N,N,N,N,N
파주운정,경기도 파주시 와석순환로 135,N,Y,N,N,N
명일이마트,서울특별시 강동구 동남로75길 5 (명일동) 명일이마트별관주차장,N,N,N,N,N
미금역,경기도 성남시 분당구 돌마로 43 (금곡동) 메디파크빌딩,N,N,N,N,N
해운대달맞이,부산광역시 해운대구 달맞이길 189 (중동),N,N,N,N,N
백석,경기도 고양시 일산동구 중앙로 1059 (백석동),N,N,N,N,N
분당구청,경기도 성남시 분당구 분당로 43 (서현동),N,N,N,N,N
은평구청입구,서울특별시 은평구 은평로 170 (응암동),Y,N,N,N,N
충남대정문,대전광역시 유성구 대학로 82 (궁동),N,N,N,Y,N
명동메트로,서울특별시 중구 명동9가길 14 (을지로1가) 메트로호텔,N,N,N,Y,N
금천독산,서울특별시 금천구 두산로 70 (독산동),N,N,N,N,N
용인기흥구청,경기도 용인시 기흥구 구갈로 71-18 (신갈동),N,Y,N,N,N
회기역사거리,서울특별시 동대문구 이문로 37 (회기동),N,Y,N,N,N
대구봉무,대구광역시 동구 팔공로51길 15-11 (봉무동),N,N,N,N,N
올림픽공원남문,서울특별시 송파구 위례성대로 102 (방이동),Y,Y,N,N,N
부산대정문,부산광역시 금정구 부산대학로64번길 12 (장전동),N,N,N,N,N
삼청동,서울특별시 종로구 삼청로 111-1 (삼청동),N,N,N,N,N
김해외동DT,경상남도 김해시 분성로 146-1,N,N,N,Y,N
서현,경기도 성남시 분당구 황새울로360번길 19 (서현동) 금화빌딩,N,N,N,N,N
경주대릉원,경상북도 경주시 첨성로 125 (황남동),N,N,N,Y,N
오류동역,서울특별시 구로구 경인로 216 (오류동),N,N,N,N,N
길동역,서울특별시 강동구 양재대로 1487 (길동),N,N,N,N,N
인천청라,인천광역시 서구 중봉대로586번길 19 (청라동),N,N,N,N,N
대전시청사거리,대전광역시 서구 둔산남로 50 (탄방동),N,Y,N,N,N
안국,서울특별시 종로구 북촌로 5-1 (재동),N,Y,N,N,N
영남대중앙도서관,경상북도 경산시 대학로 280 (조영동) 영남대학교,N,Y,N,N,N
사천벌리,경상남도 사천시 주공로 31 (벌리동),N,N,N,N,N
서강대,서울특별시 마포구 백범로 23 (신수동),N,N,N,N,N
목포옥암,전라남도 목포시 백년대로375번길 1 (옥암동),N,N,N,N,N
인천서구청DT,인천광역시 서구 서곶로 277 (심곡동),N,N,N,N,N
상암MBC,서울특별시 마포구 성암로 267 (상암동),N,N,N,N,N
새문안로,서울특별시 종로구 새문안로 92 (신문로1가) 광화문오피시아빌딩,N,N,N,Y,N
부산연산역,부산광역시 연제구 반송로 20 (연산동),N,N,N,N,N
파미에파크R,서울특별시 서초구 사평대로 205 (반포동) CENTRALCITY,N,Y,N,N,N
대전둔산,대전광역시 서구 대덕대로 189 (둔산동),N,N,N,N,N
센텀신세계B1,부산광역시 해운대구 센텀남대로 35 (우동) 센텀시티 신세계UEC,N,N,N,Y,N
올림픽훼미리,서울특별시 송파구 중대로 68 (문정동),N,Y,N,Y,N
이수역,서울특별시 서초구 동작대로 112 (방배동),N,N,N,N,N
풍산이마트,경기도 고양시 일산동구 무궁화로 237 (중산동),N,N,N,Y,N
죽전,경기도 용인시 수지구 현암로 140 (죽전동),N,N,N,N,N
서울세관사거리,서울특별시 강남구 언주로 650 (논현동) 한국건설기술인협회,N,N,N,N,N
판교역로,경기도 성남시 분당구 판교역로 192번길 14 (삼평동),N,N,N,N,N
